marque,annee,etat,localite,region,prix,lien_image
SYM,2015,Venant,Guediawaye,Dakar,375000,https://i.roamcdn.net/hz/ed/listing-thumb-224w/0dc2e911feaa904e056c3378d2736ef4/-/horizon-files-prod/ed/picture/q8v5gxzx/0f112e8ee2d79e7240be21c5e963bcf97938a494.jpg
Honda,2021,Venant,Plateau,Dakar,5500000,https://i.roamcdn.net/hz/ed/listing-thumb-224w/78dcb0e760aa4fcf3e91154dd61a7f2e/-/horizon-files-prod/ed/picture/qwe25gep/44fea9c691f1e35d6c8d6b9c0db34e3310696e53.jpg
KTM,2016,D'occasion,Yoff,Dakar,2950000,https://i.roamcdn.net/hz/ed/listing-thumb-224w/8df78eec42fb184611bdbdd5c7a4d667/-/horizon-files-prod/ed/picture/qenq7w2k/399c4568add6b6e8f2cfdc8f8c76bda9dda868a6.jpg
Honda,2020,Neuf,Almadies 2,Dakar,1,https://i.roamcdn.net/hz/ed/listing-thumb-224w/d7a85919de26c2c8a87802871a20dd35/-/horizon-files-prod/ed/picture/q564mprr/8b55c069a49c4dad9297ad0754dcc6a127d17648.jpg
Honda,2019,Venant,Plateau,Dakar,4500000,https://i.roamcdn.net/hz/ed/listing-thumb-224w/c8b5801b22f7b0b959cd61e1b97df187/-/horizon-files-prod/ed/picture/qv4e5wwp/405e853f0981a2025bb5fcd841505847ccfe7277.jpg
BMW,2015,Venant,Hann maristes,Dakar,3500000,https://i.roamcdn.net/hz/ed/listing-thumb-224w/d20d3350299d543da359d4badf9e8994/-/horizon-files-prod/ed/picture/qenq76nj/deaed2a37a2e3229a0efa02b2d74a427ca376415.jpg
Yamaha,2019,Venant,Hann maristes,Dakar,1400000,https://i.roamcdn.net/hz/ed/listing-thumb-224w/8b370cf44bdbedc269c9d983ee6a3240/-/horizon-files-prod/ed/picture/q6xkzvgv/a5dbd272a20007fc10a3bf0ccce99895d560df45.jpg
Ducati,2018,D'occasion,Hlm,Dakar,2000000,https://i.roamcdn.net/hz/ed/listing-thumb-224w/c7bfa83c79901664bfa0be6b0b2ac09c/-/horizon-files-prod/ed/picture/q7850e2d/c69ce0e35576b86f3b8ed27d773f53be3aba3e51.jpg
Autre,2024,Neuf,Ouakam,Dakar,350000,https://i.roamcdn.net/hz/ed/listing-thumb-224w/bc369bb15d1b78260b79cb965e03167c/-/horizon-files-prod/ed/picture/qj4r2725/7500b97723f6d5ddc25ee089b38de9913ef308c7.jpg
Honda,2019,Venant,Guediawaye,Dakar,550000,https://i.roamcdn.net/hz/ed/listing-thumb-224w/5e4dd81cc697ea8048890859046012d8/-/horizon-files-prod/ed/picture/qj4r7jxe/c033fdbba7edec2977fb0b17e0877ba18e95eea2.jpg
Piaggio,2013,Venant,Mbour,Thiès,150000,https://i.roamcdn.net/hz/ed/listing-thumb-224w/04ed76ee82dc84ede46053bbe539b2c5/-/horizon-files-prod/ed/picture/qrzvng42/e18009f0e7f09e4a40fcb51db9830f8e6aa072de.jpg
BMW,2015,Neuf,Yoff,Dakar,90000,https://i.roamcdn.net/hz/ed/listing-thumb-224w/ce19371c47f0987d2be3424373178e63/-/horizon-files-prod/ed/picture/q8v5d9gn/52fde162f494d9177bff70e6263034cdcfa2c551.jpg
BMW,2017,D'occasion,Amitié,Dakar,3450000,https://i.roamcdn.net/hz/ed/listing-thumb-224w/e35ce7934fe0b0e9300f290276399a09/-/horizon-files-prod/ed/picture/qq47vm84/4568b94a9355c590c1eca9ea2b70bb6609cbd53d.jpg
Yamaha,2020,D'occasion,Amitié,Dakar,3250000,https://i.roamcdn.net/hz/ed/listing-thumb-224w/6b9c22574b33c13e1099633387574daf/-/horizon-files-prod/ed/picture/qm5p9mkw/17832b8af0e6ec49104d7e131bd155bdbdf09e4b.jpg
Piaggio,2018,Venant,Guediawaye,Dakar,875000,https://i.roamcdn.net/hz/ed/listing-thumb-224w/66bd4237226c5f69c02429865ceaed42/-/horizon-files-prod/ed/picture/qq47vp0j/662ccdb1429fc22b8ac1a8f5b1de2e2c19aaed46.jpg
BMW,2017,D'occasion,Nord foire,Dakar,3500000,https://i.roamcdn.net/hz/ed/listing-thumb-224w/47bf2425c299e68b630457ad7cbbec37/-/horizon-files-prod/ed/picture/qkrgq9xv/808ef309296d3421012c3a73bbbd418b3ffa1e37.jpg
Honda,2016,Venant,Yene,Dakar,1300000,https://i.roamcdn.net/hz/ed/listing-thumb-224w/2c0eeaf89672a839e8dc47b923f92d15/-/horizon-files-prod/ed/picture/qm5p4x5d/9982d8728d0c79147ca8f8f31a8866abd8983993.jpg
Honda,2018,D'occasion,Grand-Dakar,Dakar,2800000,https://i.roamcdn.net/hz/ed/listing-thumb-224w/f25453a87b957f5345e1568eaa8f7fe4/-/horizon-files-prod/ed/picture/qdek6v55/ab0334722f26a89f82f0f33fcb2aca4dcf0afcb2.jpg
BMW,2023,Neuf,Cité keur gorgui,Dakar,4000000,https://i.roamcdn.net/hz/ed/listing-thumb-224w/00ace4c7e26efde1939835fc2c277e14/-/horizon-files-prod/ed/picture/qrzv0egm/8fbdd91ba4eed43fd5965baf5aa58600b144508b.jpg
BMW,2012,Venant,Hann maristes,Dakar,2600000,https://i.roamcdn.net/hz/ed/listing-thumb-224w/82e20d30afae9f9f18bdffe3511b81ed/-/horizon-files-prod/ed/picture/qxj2zr50/9aad174d831b17417bf347c413195ab80ff1e356.jpg
Yamaha,2021,Venant,Plateau,Dakar,4500000,https://i.roamcdn.net/hz/ed/listing-thumb-224w/5a9a5b20f35dd72b09d974d15586021b/-/horizon-files-prod/ed/picture/q448mk08/2947a2389839a0bbf239d15d390d461a7142fa1b.jpg
Yamaha,2024,Venant,Médina,Dakar,800000,https://i.roamcdn.net/hz/ed/listing-thumb-224w/8a37da7dd05207b7385cb51b062ca053/-/horizon-files-prod/ed/picture/q56x5j46/ec044a04797e5877df54b6e874f68a80df7dbaa6.jpg
Honda,2014,D'occasion,Ngor,Dakar,1600000,https://i.roamcdn.net/hz/ed/listing-thumb-224w/5f4d623f3b4fa2d5b0cdc731defbd35b/-/horizon-files-prod/ed/picture/q8v5dwqx/17e6682e2176d24ed962aed7da1ce1a00ff2c5fc.jpg
KTM,2009,D'occasion,Ngor,Dakar,1300000,https://i.roamcdn.net/hz/ed/listing-thumb-224w/f709744a51286ebbb2176a29a395628a/-/horizon-files-prod/ed/picture/qv4eq6zv/38d36c4976bd508474b6dc17431ede7d02099714.jpg
Yamaha,2021,Venant,Plateau,Dakar,3300000,https://i.roamcdn.net/hz/ed/listing-thumb-224w/3c774015303818aaaa1172b77f8332b1/-/horizon-files-prod/ed/picture/qwe28xvm/a2f1027352d4ae9202d8cd7ef701d8fa18f77d9d.jpg
BMW,2020,Venant,Dieuppeul,Dakar,5500000,https://i.roamcdn.net/hz/ed/listing-thumb-224w/aa7d4f2707a46b4f75995469d2af6faf/-/horizon-files-prod/ed/picture/qngxzv5e/0a1cf02242c4cd2631260712354ca7a9a70a498a.jpg
BMW,2020,Venant,Dieuppeul,Dakar,5900000,https://i.roamcdn.net/hz/ed/listing-thumb-224w/e914811b09940be760fb9d40f5c170c1/-/horizon-files-prod/ed/picture/q448m9jp/19e1a8a393c4d6d1682b3aaac49590ae1548f2ba.jpg
Honda,2023,Venant,Dieuppeul,Dakar,3900000,https://i.roamcdn.net/hz/ed/listing-thumb-224w/b301732f3e713cc130b469781e895365/-/horizon-files-prod/ed/picture/qrzv0mg5/b000d65574d8a8ffcf48dbcd6e564b53c84d40c5.jpg
Autre,2024,Neuf,Ouakam,Dakar,550000,https://i.roamcdn.net/hz/ed/listing-thumb-224w/236f8c27dd9c977994415fdd38578870/-/horizon-files-prod/ed/picture/qwe2j5wd/6906b05a31018109c473109e07322d45e46604ed.jpg
Autre,2023,Neuf,Ouakam,Dakar,520000,https://i.roamcdn.net/hz/ed/listing-thumb-224w/89b27d3a281faa46990291315b43361d/-/horizon-files-prod/ed/picture/qxj2xnrq/0f2e5ff166955b9b7923dd54af7ac5507f241e4b.jpg
Honda,2016,Venant,Dieuppeul,Dakar,1150000,https://i.roamcdn.net/hz/ed/listing-thumb-224w/ec8158f6b12cc9e2301d4c21c961a9cd/-/horizon-files-prod/ed/picture/qwe288ed/cd260fd96e3ed46560504494b82973bf64607b69.jpg
Yamaha,2021,Venant,Plateau,Dakar,3300000,https://i.roamcdn.net/hz/ed/listing-thumb-224w/d4b0c5934ecc24668183eb048fdbeca8/-/horizon-files-prod/ed/picture/q2jqdd2j/7969583f85926d302518beb0987225e1f4761b5b.jpg
CF Moto,2013,D'occasion,Mbour,Thiès,3880000,https://i.roamcdn.net/hz/ed/listing-thumb-224w/9e7197cbc14d56f0f6382f79584ea62c/-/horizon-files-prod/ed/picture/q2jqddgd/9c46cfbbf5ba57170ec32ca9d15fa57f2d3c6218.jpg
Autre,2024,Neuf,Ouakam,Dakar,500000,https://i.roamcdn.net/hz/ed/listing-thumb-224w/818fc995401a1c505baf0e1d797d80ab/-/horizon-files-prod/ed/picture/qgq9zjdr/ba2a13c24dfa81eb512370c62224e6ef26bd490e.jpg
Kymco,2015,D'occasion,Hann maristes,Dakar,750000,https://i.roamcdn.net/hz/ed/listing-thumb-224w/90bd71b880f0d8cac9aea0d5119f5eaa/-/horizon-files-prod/ed/picture/qenq7n8d/9488015b631d9002f40628396372f6509d93a295.jpg
KTM,2012,D'occasion,Ouest foire,Dakar,250000,https://i.roamcdn.net/hz/ed/listing-thumb-224w/c42a99993439fc0e697014a38839ff3a/-/horizon-files-prod/ed/picture/qrzv0jxq/44bb921254a985b69be9c7b2a92d308f2ef0b8d3.jpg
Husqvarna,2021,D'occasion,Plateau,Dakar,2500000,https://i.roamcdn.net/hz/ed/listing-thumb-224w/49b5519e3ac96ba9067457bd0db8465b/-/horizon-files-prod/ed/picture/qngxzxdx/dd750fe4b7dcf7f9a6d54a80ceabe41b47947592.jpg
Honda,2014,D'occasion,Sicap foire,Dakar,600000,https://i.roamcdn.net/hz/ed/listing-thumb-224w/990a2b13a1bb5fa231630822b254769f/-/horizon-files-prod/ed/picture/qngxzdqg/71482b612d57640bd037fcd78f7bef56f158d36c.jpg
Honda,2016,Venant,Parcelles Assainies,Dakar,600000,https://i.roamcdn.net/hz/ed/listing-thumb-224w/785fb18bf9fa68bd2119894e853ec656/-/horizon-files-prod/ed/picture/q785m5wn/6a84e1b5c50d5fa8e631a4dfb6f921fa82cd3545.jpg
Suzuki,2023,Venant,Pikine,Dakar,425000,https://i.roamcdn.net/hz/ed/listing-thumb-224w/fb2c0ec62fa0d7b116a32912921a5584/-/horizon-files-prod/ed/picture/qxj2z688/410cba8b8c2145b81fa26b6245438526bddb450c.jpg
Piaggio,2017,Venant,Guediawaye,Dakar,950000,https://i.roamcdn.net/hz/ed/listing-thumb-224w/1e63e2c6494d9429a0d99b308c8772a4/-/horizon-files-prod/ed/picture/qm5pgjpg/c0dc444a0815f5b6d5f753bbf5a2eccf6e0087b4.jpg
Yamaha,2021,D'occasion,Hann maristes,Dakar,3000000,https://i.roamcdn.net/hz/ed/listing-thumb-224w/ea6187977dfc8115bf886e9fdde5af13/-/horizon-files-prod/ed/picture/qngx09qm/ceb471aefae970584bc3e972e0a03718820c332b.jpg
Piaggio,2020,Neuf,Amitié,Dakar,1350000,https://i.roamcdn.net/hz/ed/listing-thumb-224w/11de5b81354f2a9cf96e0ed2ae58e37d/-/horizon-files-prod/ed/picture/qpd67pxr/521aa6bd0b6b62ed1ecb3af339ea63aca9254e06.jpg
Kymco,2024,Venant,Pikine,Dakar,475000,https://i.roamcdn.net/hz/ed/listing-thumb-224w/da6c99c6c9e173319463a0351993c224/-/horizon-files-prod/ed/picture/q448mjzr/451befb6cda5e82f9cceba4d441a7fd3ea08fb5a.jpg
Honda,2024,Venant,Pikine,Dakar,1250000,https://i.roamcdn.net/hz/ed/listing-thumb-224w/78ae680d5adaf941ca7d04d489f2f1de/-/horizon-files-prod/ed/picture/qq47vqjz/414b70276786cd3b6a331cacc2f9261e0004b898.jpg
Yamaha,2024,Venant,Pikine,Dakar,750000,https://i.roamcdn.net/hz/ed/listing-thumb-224w/15f4d00f8aff9d66df094b4eb051be03/-/horizon-files-prod/ed/picture/qngxz5mx/ab86ac8427ce72f14620665e22de9b5c1060a984.jpg
Yamaha,2019,Venant,Liberte 6 extension,Dakar,1650000,https://i.roamcdn.net/hz/ed/listing-thumb-224w/0a1b582970ef529fc20a78a93183add6/-/horizon-files-prod/ed/picture/q785mv2n/5a93ca16cbf87a5102554d9436250eb93f3af851.jpg
Autre,2024,Neuf,Castor,Dakar,1,https://i.roamcdn.net/hz/ed/listing-thumb-224w/e591ddfae9f1cca76ef33bcd757ec08f/-/horizon-files-prod/ed/picture/qwe2jqqm/e17345ce4db1b5e38cc37dfbe6ad8d72d0d3c76c.jpg
SYM,2016,D'occasion,Guediawaye,Dakar,350000,https://i.roamcdn.net/hz/ed/listing-thumb-224w/bc1222b35ebe3296231ce71e55a39641/-/horizon-files-prod/ed/picture/qpd62k2v/272d76d1d780801f81f6d958c7584b686382688f.jpg
Kymco,2008,Venant,Bel air,Dakar,485000,https://i.roamcdn.net/hz/ed/listing-thumb-224w/68222a0774656147f248be909eb1cdc4/-/horizon-files-prod/ed/picture/q56xvm0r/0afe53e77bd2f2732da2f929b2a2533bc7b38866.jpg
Suzuki,2023,Neuf,Colobane,Dakar,600000,https://i.roamcdn.net/hz/ed/listing-thumb-224w/681619d26088a4f83b96ad885e11b5cf/-/horizon-files-prod/ed/picture/qkrg85nv/dba3217cd07235497b050e6bb3a03264b8452eb3.jpg
KTM,2010,D'occasion,Saly Portudal,Thiès,40000,https://i.roamcdn.net/hz/ed/listing-thumb-224w/f0136c4a6c3a7e3a5b3d6d90771b6754/-/horizon-files-prod/ed/picture/q0gw5e9j/ac0e03bb1199b4f1e7680847ff8acca62a3f6145.jpg
Yamaha,2015,Réconditionné,Liberte 6 extension,Dakar,1500000,https://i.roamcdn.net/hz/ed/listing-thumb-224w/91804995836bb0de318b6d0bc62c3cc0/-/horizon-files-prod/ed/picture/q2jrm278/0ecadaada689ebb9c58d744f8cf19ef8c1179be3.jpg
BMW,2010,Venant,Golf,Dakar,2400000,https://i.roamcdn.net/hz/ed/listing-thumb-224w/bf14b0e44994f863d7a145cd8f42cf76/-/horizon-files-prod/ed/picture/q6xkzpmz/216807d5e7dfa20288636242da18602f4fc8d5b0.jpg
KTM,2023,D'occasion,Almadies,Dakar,335000,https://i.roamcdn.net/hz/ed/listing-thumb-224w/d5d3ceb3eee772098bb57e68e4a44a2a/-/horizon-files-prod/ed/picture/qwe2jxmj/78612bb9bfa818669e2b2df6acc060705f9df5d1.jpg
BMW,2014,Venant,Ouest foire,Dakar,2300000,https://i.roamcdn.net/hz/ed/listing-thumb-224w/febd5f39f1ae98b9a4dc38fc011eb856/-/horizon-files-prod/ed/picture/q785grpz/a72feb2d5eb3322564d33adfd114753de2b4f684.jpg
Kymco,2015,Neuf,Guediawaye,Dakar,350000,https://i.roamcdn.net/hz/ed/listing-thumb-224w/f7481c247142ad1990d0a00716da4434/-/horizon-files-prod/ed/picture/qwe2pkzd/0c91d1b72cf7dd6e33b99bdba6c8ae3574a30f2b.jpg
Yamaha,2022,D'occasion,Cambérène,Dakar,3000000,https://i.roamcdn.net/hz/ed/listing-thumb-224w/85a3b6a15641cae70c62bd65bdca9883/-/horizon-files-prod/ed/picture/qgq9pmme/08ad05b9753bfab3706e001f8a66269b7908aec5.jpg
Piaggio,2004,Venant,Guediawaye,Dakar,230000,https://i.roamcdn.net/hz/ed/listing-thumb-224w/2f6dc09f998effa8c6639471121765fd/-/horizon-files-prod/ed/picture/qwe2j08k/01e6531b8a28a5748fb0860522b0c3a2e202b4ff.jpg
Yamaha,2019,D'occasion,Almadies,Dakar,2700000,https://i.roamcdn.net/hz/ed/listing-thumb-224w/9aa7dd27cae7960893a3e9f2f978d656/-/horizon-files-prod/ed/picture/q4487w5p/e08a4305e37198d64dae83868aa68ec7fa2dbc34.jpg
TVS Motor,2020,Venant,Patte d‘oie,Dakar,600000,https://i.roamcdn.net/hz/ed/listing-thumb-224w/8ecf022f3e88dfa9fdc107d5b03534e8/-/horizon-files-prod/ed/picture/qm5pdkkz/3e7fa28157bdf1e8b493ca2b793f96399acbee0c.jpg
SYM,2017,D'occasion,Guediawaye,Dakar,460000,https://i.roamcdn.net/hz/ed/listing-thumb-224w/16cda122cfff2c50732a3e6fa2209a09/-/horizon-files-prod/ed/picture/qwe2j524/0ed551d37cdb139c8436feeafaafda692739d7d4.jpg
Honda,2012,Neuf,Golf,Dakar,580000,https://i.roamcdn.net/hz/ed/listing-thumb-224w/b888b855e312d6b2215fae54474dafe4/-/horizon-files-prod/ed/picture/q2jq5nke/752450c53fb7b9d1ee389a9f991f3c76c53ab929.jpg
Piaggio,2011,Venant,Médina,Dakar,280000,https://i.roamcdn.net/hz/ed/listing-thumb-224w/5c5e4174068c146eea820727aa80bad7/-/horizon-files-prod/ed/picture/qj4r2qqw/16df8fe4b6b7fcff41c826d79e85f201d0dac691.jpg
SYM,2018,Venant,Bel air,Dakar,470000,https://i.roamcdn.net/hz/ed/listing-thumb-224w/b40700f8efccb7c176b38fb1db410b3c/-/horizon-files-prod/ed/picture/qj4r2z86/3916ef0f2ab0fef1333c46d73a2a3888bf1ba329.jpg
Piaggio,2013,Neuf,Golf,Dakar,650000,https://i.roamcdn.net/hz/ed/listing-thumb-224w/a89d19d8e0c957b7b5e89cbe7750e70f/-/horizon-files-prod/ed/picture/q78599xq/058f4cd8dbab2ac371f0273548b1a49b04eb2145.jpg
Piaggio,2023,Venant,Pikine,Dakar,550000,https://i.roamcdn.net/hz/ed/listing-thumb-224w/e945c16b28522a23ba6fc7e76ada3ef6/-/horizon-files-prod/ed/picture/q2jq5kz6/0e0020fb61c79514c41e242da72b128458e05367.jpg
Autre,2023,Neuf,Liberte 6 extension,Dakar,1,https://i.roamcdn.net/hz/ed/listing-thumb-224w/f8c6d6e23faa65b794ac29b1f4287f95/-/horizon-files-prod/ed/picture/qpdwvdgr/00d4b3473978595f483b6f1c87ab83f9aec2922b.jpg
Autre,2023,Neuf,Liberte 6 extension,Dakar,1,https://i.roamcdn.net/hz/ed/listing-thumb-224w/40b68a3349a77d41b2bf90dc1eb4129b/-/horizon-files-prod/ed/picture/qm5r8rq6/d228470451590bdf595dc77fc2dc72c6c22094ce.jpg
Autre,2023,Neuf,Liberte 6 extension,Dakar,1,https://i.roamcdn.net/hz/ed/listing-thumb-224w/99e087e4ac36af5ca76e47d90d439588/-/horizon-files-prod/ed/picture/qgq9mjkq/d5c7eb2f996aec7f8dfe9f6473668be645599117.jpg
Autre,2023,Neuf,Liberte 6,Dakar,1,https://i.roamcdn.net/hz/ed/listing-thumb-224w/553b63c979a9413bb711c76b1ee72f2f/-/horizon-files-prod/ed/picture/qrzvr4wg/d7fa9e80f87ea6f87fe7be4f8959e7f645d54041.jpg
KTM,2023,Neuf,Liberte 6,Dakar,1,https://i.roamcdn.net/hz/ed/listing-thumb-224w/32ac6e29039875602f7965cac2dbb968/-/horizon-files-prod/ed/picture/qj4rxvp4/eeae49ccb68ebcfc3ca6fd848f103635642b2239.jpg
Honda,2022,Venant,Ouest foire,Dakar,5900000,https://i.roamcdn.net/hz/ed/listing-thumb-224w/b2cd89511336d27659acd1aafea459ec/-/horizon-files-prod/ed/picture/q8v5n48p/3fa2235070f36e2f2e5d4738c1cf6bca62215c39.jpg
Yamaha,2023,Venant,Mbour,Thiès,5000000,https://i.roamcdn.net/hz/ed/listing-thumb-224w/28d9faa7d014249c92ca39d7c3fe831f/-/horizon-files-prod/ed/picture/q7859w7x/53aec12a92ac5da45f30e32d87e88c874ee24acf.jpg
Kymco,2011,Venant,Somone,Thiès,2200000,https://i.roamcdn.net/hz/ed/listing-thumb-224w/662541e46fcd5b55473048b6c0b456cd/-/horizon-files-prod/ed/picture/q2jq5q9p/57c3b44133ecfbf8a913e41d695dadff905ff7f6.jpg
Piaggio,2018,Venant,Guediawaye,Dakar,500000,https://i.roamcdn.net/hz/ed/listing-thumb-224w/10f515d1554c412d0fb1b7a975b8798a/-/horizon-files-prod/ed/picture/qdek4k75/25e5d761e0a67a89c704f2961b10990a53c75f79.jpg
Honda,2018,D'occasion,Plateau,Dakar,1400000,https://i.roamcdn.net/hz/ed/listing-thumb-224w/30672868a46a7fcb44ad8760b63f43bb/-/horizon-files-prod/ed/picture/qj4rjn55/5daa27b2e4cf9b40194820511a99d37f860e1b9b.jpg
Yamaha,2016,D'occasion,Grand-Dakar,Dakar,950000,https://i.roamcdn.net/hz/ed/listing-thumb-224w/8a10dae5fa2fc9ecc68cc58e3e3a43e5/-/horizon-files-prod/ed/picture/qrzv7wd2/90b0c61ea5ea194d4c1b0c8dde22929e244369ff.jpg
BMW,2019,D'occasion,VDN,Dakar,5500000,https://i.roamcdn.net/hz/ed/listing-thumb-224w/9efa2d846fa7fe78a11ca9191c17956b/-/horizon-files-prod/ed/picture/qzvdx0rq/a468788df9cf868e85a17eccb24856bb090ec678.png
Yamaha,2012,Venant,Ouakam,Dakar,900000,https://i.roamcdn.net/hz/ed/listing-thumb-224w/f6f4eebecf83e2c5c5275cb2dd737423/-/horizon-files-prod/ed/picture/qrzvzv25/5b605ab1fdec117b4caa7da1eeb4f97611dbc628.jpg
Yamaha,2015,Venant,Hann Bel-Air,Dakar,2450000,https://i.roamcdn.net/hz/ed/listing-thumb-224w/7d64d5381ead7190a9a3afccef863d2f/-/horizon-files-prod/ed/picture/qwe2k6jz/91dded7d4abe9a99509acbeb9042c515d26e0151.jpg
Can Am,2023,Neuf,Hann maristes,Dakar,5000000,https://i.roamcdn.net/hz/ed/listing-thumb-224w/3778767cb109133ae0b9729d947d8cfc/-/horizon-files-prod/ed/picture/q6xk7dmz/4795f30c6f71f3645a8631b0505e8d1a29f6f423.jpg
Yamaha,2023,Neuf,Point-e,Dakar,6600000,https://i.roamcdn.net/hz/ed/listing-thumb-224w/8c2c8fdf8f69494f6116f29bc8a2df1d/-/horizon-files-prod/ed/picture/q448pgz9/16a9894e02a6fc10aa7b9945269b71d953a68cfa.jpg
Kymco,2019,Neuf,Guediawaye,Dakar,500000,https://i.roamcdn.net/hz/ed/listing-thumb-224w/e1229a65d69b3b827ec0b209f6a91a7a/-/horizon-files-prod/ed/picture/qkrg0q9j/6bfa77c1bc52f206e3284cc192558302e95da88a.jpg
Yamaha,2008,Venant,Guediawaye,Dakar,400000,https://i.roamcdn.net/hz/ed/listing-thumb-224w/f0eb7a4b89cbc99665689ab5f5faa465/-/horizon-files-prod/ed/picture/qen56w74/441e905de4e1cfb0b1ede5b93817233e07964ce6.jpg
Yamaha,2010,Venant,Guediawaye,Dakar,450000,https://i.roamcdn.net/hz/ed/listing-thumb-224w/5a22d50b05bddb40d3bc3e091ac1c685/-/horizon-files-prod/ed/picture/qv4p2we8/5fc1765acbb78a53e0addb111c77929e166e54e4.jpg
Yamaha,2012,Neuf,Guediawaye,Dakar,500000,https://i.roamcdn.net/hz/ed/listing-thumb-224w/933cc7e4f7758e36fe8251d9ad2d615c/-/horizon-files-prod/ed/picture/qngxwn9r/3539bff9d75dc6d454e10b7e98688889a2a3159d.jpg
SYM,2018,Neuf,Guediawaye,Dakar,400000,https://i.roamcdn.net/hz/ed/listing-thumb-224w/cdd43a06817e123dc67b5da2e5a91570/-/horizon-files-prod/ed/picture/qzvdx54d/2886c4d834575d1fbc67a3f369e9aece5dd831c9.jpg
Yamaha,2016,Venant,Guediawaye,Dakar,500000,https://i.roamcdn.net/hz/ed/listing-thumb-224w/270ee4b49f74b5a80c29478beae93f08/-/horizon-files-prod/ed/picture/q8v5gxvx/30c9d4eeed1a3067b2834c848cddab29c41f7602.jpg
Yamaha,2019,D'occasion,Plateau,Dakar,2900000,https://i.roamcdn.net/hz/ed/listing-thumb-224w/32a9eb0ef8cd1b377c92e9939877feec/-/horizon-files-prod/ed/picture/q2jqg582/80ecebb146a4719cd4d87c51a237f3c958192944.jpg
Autre,2023,Neuf,Liberte 6 extension,Dakar,1,https://i.roamcdn.net/hz/ed/listing-thumb-224w/ef4717ccd44447b7e8c27e2fabb6caa9/-/horizon-files-prod/ed/picture/q8v5gg4j/d24bd1ea3a8b644f8858fb9295565321021639e5.jpg
BMW,2018,Venant,Plateau,Dakar,4200000,https://i.roamcdn.net/hz/ed/listing-thumb-224w/411d4d0a460b32a3f949bd30b04c2240/-/horizon-files-prod/ed/picture/qxj2qqdz/889dc627780943f5acbc47053565f93d89f15f66.jpg
Honda,2019,Venant,Médina,Dakar,4250000,https://i.roamcdn.net/hz/ed/listing-thumb-224w/7b6462c0ef879f18218dd9a7342422e9/-/horizon-files-prod/ed/picture/qzvdxj0x/885070f1113ab867036b09523947ff7b18238c8f.jpg
Honda,2018,Venant,Médina,Dakar,3500000,https://i.roamcdn.net/hz/ed/listing-thumb-224w/8350834ffe555ba338f9e34d64b32dd8/-/horizon-files-prod/ed/picture/q9m9gnxx/f6ed3092d46f34d62e9b234971902be41ff752c9.jpg
Honda,2019,Venant,Médina,Dakar,4250000,https://i.roamcdn.net/hz/ed/listing-thumb-224w/4211a5316efdf7a98fc8a81803846ac3/-/horizon-files-prod/ed/picture/q6xk5v8z/e13af8262d354c2b4262f704e29c0233081609be.jpg
Yamaha,2022,Venant,Médina,Dakar,5000000,https://i.roamcdn.net/hz/ed/listing-thumb-224w/1184d3ad840d5b92f4f19b671f84cbdc/-/horizon-files-prod/ed/picture/qngxwjkv/d266fde511db43e52a8f497ace0ece67db1d3ff8.jpg
Kymco,2008,D'occasion,Ngaparou,Thiès,800000,https://i.roamcdn.net/hz/ed/listing-thumb-224w/8cf48659f7cbd6488c6d6f8a56dcb4ef/-/horizon-files-prod/ed/picture/qv4ezdqk/010aa1fd6bffc994c8906d1965ad91ca91abc5c2.jpg
CF Moto,2023,D'occasion,Ngaparou,Thiès,11000000,https://i.roamcdn.net/hz/ed/listing-thumb-224w/73a388ecfcb93cfff765d02e1cd349e9/-/horizon-files-prod/ed/picture/q56xgdn7/ae3e69fa0458b9a00fef51fae61c9dac8959261b.jpg
KTM,2023,Neuf,Liberte 6,Dakar,1,https://i.roamcdn.net/hz/ed/listing-thumb-224w/7e27f3be43c06c9636f4ce7b6d117132/-/horizon-files-prod/ed/picture/q8v5g577/9c307219bacbb9a05f5c4ce7cb76ff2b8176a8f8.jpg
Yamaha,2021,Neuf,Liberte 6 extension,Dakar,1800000,https://i.roamcdn.net/hz/ed/listing-thumb-224w/b0456b1f573f0df347d1913b88669cd8/-/horizon-files-prod/ed/picture/qj4rxz84/831f0ae38ed153f2804ee301eb38357d45089647.jpg
Yamaha,2003,D'occasion,Comico,Dakar,920000,https://i.roamcdn.net/hz/ed/listing-thumb-224w/db8777877af3c5b0b16afd9f43793526/-/horizon-files-prod/ed/picture/q9m9gm8w/1e81250e1e797c61f5cc79687d00a8873a86947c.jpg
Autre,2023,Neuf,Liberte 6,Dakar,1,https://i.roamcdn.net/hz/ed/listing-thumb-224w/f608619eae6e086b0c93a24a24264284/-/horizon-files-prod/ed/picture/qv4ekn9m/0ee9314aa151a0345fc1a42b73386428ac21c0ee.jpg
KTM,2019,Neuf,Fann Hock,Dakar,1600000,https://i.roamcdn.net/hz/ed/listing-thumb-224w/229ec34f9c136a038e1f67f3ef7ca4a8/-/horizon-files-prod/ed/picture/q8v59ejn/eb9e942cacd0bb38d67cc76c6b3b6fa7267aa73b.jpg
CF Moto,2022,D'occasion,Nianing,Thiès,11500000,https://i.roamcdn.net/hz/ed/listing-thumb-224w/dfdd71554462da0a0ba5ae57c69a640e/-/horizon-files-prod/ed/picture/q9m9rwew/b3f04f0a2de5553697637838112c8fdf124cde6d.jpg
Yamaha,2018,Neuf,Parcelles Assainies,Dakar,650000,https://i.roamcdn.net/hz/ed/listing-thumb-224w/7415511868d5757b2480df9a4f342fc5/-/horizon-files-prod/ed/picture/qkrgxn0m/67246ed646514192632d851cd653fcc3efbf38fa.jpg
BMW,2017,Venant,Dieuppeul,Dakar,3000000,https://i.roamcdn.net/hz/ed/listing-thumb-224w/197e82a1666d31ddd77b6a2678a5ae8e/-/horizon-files-prod/ed/picture/q8v06jdx/ca8cfbe137ba98079e7f1d44ec541568960deca7.jpg
BMW,2020,Venant,Dieuppeul,Dakar,5900000,https://i.roamcdn.net/hz/ed/listing-thumb-224w/59ae6dac7907186809f172b6f9439cdc/-/horizon-files-prod/ed/picture/qzvdvzek/7d8dab8f2ee1772a56c02cdf16e3d11694434a91.jpg
BMW,2023,Venant,Dieuppeul,Dakar,5900000,https://i.roamcdn.net/hz/ed/listing-thumb-224w/125eaee705b587daa540964f4be40e67/-/horizon-files-prod/ed/picture/qrzvzn58/2613ea078c28bc4391920914febafed7b3393a45.jpg
SYM,2013,Neuf,Golf,Dakar,580000,https://i.roamcdn.net/hz/ed/listing-thumb-224w/82915b35390565a2b6ae76f0a3cc671d/-/horizon-files-prod/ed/picture/qenqxzrk/bc4cd88590476c7cf7c865512cea6e4180367f94.jpg
SYM,2014,Neuf,Golf,Dakar,400000,https://i.roamcdn.net/hz/ed/listing-thumb-224w/c5a805a06a56c53a90cad7aa6f079dea/-/horizon-files-prod/ed/picture/qngxj87g/3c3e55bb71c2247a7fea60f62a7b7138fa0c1f23.jpg
Piaggio,2012,D'occasion,Sicap Liberté,Dakar,350000,https://i.roamcdn.net/hz/ed/listing-thumb-224w/c8569ce16d7a95c63073874e4a7e647c/-/horizon-files-prod/ed/picture/q448624m/b5820efb08cec06d929a5f42c15a7795cae6ced5.jpg
BMW,2007,Venant,Dieuppeul,Dakar,2200000,https://i.roamcdn.net/hz/ed/listing-thumb-224w/ec2e6ea767a598b530e4896a474fa662/-/horizon-files-prod/ed/picture/qv4ekxvv/89dbce2bfd072dea63a0b1feb658e79add49bb79.jpg
Piaggio,2014,Venant,Guediawaye,Dakar,750000,https://i.roamcdn.net/hz/ed/listing-thumb-224w/e4c3243e3d2809b554cadb326f642a38/-/horizon-files-prod/ed/picture/q8v59n0p/66b3a2cb1e3c272a3fbcc96677d547eefc8c9eb2.jpg
Honda,2021,Venant,Médina,Dakar,5750000,https://i.roamcdn.net/hz/ed/listing-thumb-224w/1c7c366028d306e8ec9f8622979f0b95/-/horizon-files-prod/ed/picture/q9m95w26/24fad1967a3bd7f3d910758ab6b4376457db35fe.jpg
BMW,2022,Venant,Almadies,Dakar,9500000,https://i.roamcdn.net/hz/ed/listing-thumb-224w/3823d519bd4c6df466023c20a3f64211/-/horizon-files-prod/ed/picture/q0gw99jj/634fadc1521eae7e1c9303c68c1150b97b4e9a22.jpg
Honda,2021,Neuf,Mermoz,Dakar,1900000,https://i.roamcdn.net/hz/ed/listing-thumb-224w/7e44cf0dda6722f8d074afc43db22f88/-/horizon-files-prod/ed/picture/qpd6jnmp/5db8e238f8264f09bb8c43b001c2db58ff9e30c3.jpg
Autre,2023,Neuf,Castor,Dakar,31000,https://i.roamcdn.net/hz/ed/listing-thumb-224w/ebc03d71c0c35e26e221dce5906812db/-/horizon-files-prod/ed/picture/qv4egxq2/a894b99ea185728e1991c3748d68b679b90d60d7.jpg
KTM,2023,Neuf,Castor,Dakar,650000,https://i.roamcdn.net/hz/ed/listing-thumb-224w/51144d047fd54db08dc138455bd61823/-/horizon-files-prod/ed/picture/q787ejqz/5581c496bd122812d4b6625203c1ea808e66ab1a.jpg
Bajaj,2023,Neuf,Castor,Dakar,1,https://i.roamcdn.net/hz/ed/listing-thumb-224w/5316c1697f3a858a2a0a5fb65096011e/-/horizon-files-prod/ed/picture/q9m98wzj/4d33c08150299d644509fd46f8472a42acb827bb.jpg
Autre,2020,Neuf,Castor,Dakar,595000,https://i.roamcdn.net/hz/ed/listing-thumb-224w/e123de53e7ee6390e33af2d0d8bbd0e8/-/horizon-files-prod/ed/picture/qv4eeewg/038efd4898ba0c1e593350bfcac013dbf3effb23.jpg
KTM,2020,Neuf,Castor,Dakar,580000,https://i.roamcdn.net/hz/ed/listing-thumb-224w/965a0353bcd93d98068dd9daec489774/-/horizon-files-prod/ed/picture/q785jvxx/e169746368356490aaff36785005e888acf55ae5.jpg
Autre,2023,Neuf,Castor,Dakar,1,https://i.roamcdn.net/hz/ed/listing-thumb-224w/ea0ee19c825c8f430befce52a4f36a03/-/horizon-files-prod/ed/picture/qpd6g65m/6dd62eb0f5465a71bda5ae50c19e1842bd00a1b8.jpg
Autre,2023,Neuf,Castor,Dakar,1,https://i.roamcdn.net/hz/ed/listing-thumb-224w/4aa6d36b7a32527786d6b21a03cf7107/-/horizon-files-prod/ed/picture/qgq9p4gr/a06023fe252b612e1e48fca15844c002ce4e7adc.jpg
KTM,2023,Neuf,Castor,Dakar,460000,https://i.roamcdn.net/hz/ed/listing-thumb-224w/0119810018dd0fb328e3534fc1bd8b2a/-/horizon-files-prod/ed/picture/qwe2gnzk/46b4a33691b2b7b1f60f3c7b9c627eb040bbcc35.jpg
Autre,2023,Neuf,Castor,Dakar,12000,https://i.roamcdn.net/hz/ed/listing-thumb-224w/0375d0a37485a046d5c225a521d09d42/-/horizon-files-prod/ed/picture/qv4e9wjm/5d07887532f9a1f3da867e00175473df4d0b5af3.jpg
Piaggio,2012,D'occasion,Sicap Sacré-cœur,Dakar,400000,https://i.roamcdn.net/hz/ed/listing-thumb-224w/ceed5ad4e11ed102e8c280fbf695b274/-/horizon-files-prod/ed/picture/q9m9r700/c15699c174607fcc7e2de1d9f15c7aa704a8f2a4.jpg
Honda,2018,D'occasion,Hann maristes,Dakar,2300000,https://i.roamcdn.net/hz/ed/listing-thumb-224w/5bd663a2bc518ac5bdec11e9f93bb6d1/-/horizon-files-prod/ed/picture/qv4eg25v/a6de59a9b381c6981576ba9b84beca6325c832b8.jpg
Lifan,2023,D'occasion,Ouakam,Dakar,700000,https://i.roamcdn.net/hz/ed/listing-thumb-224w/4ffc986b50ee56d6370a23771379d04f/-/horizon-files-prod/ed/picture/q8v5mpwx/5deef512f1edc28e13a094c29b17dc0e2b054580.jpg
Gilera,2006,Venant,Amitié,Dakar,285000,https://i.roamcdn.net/hz/ed/listing-thumb-224w/1bc76714080f489e920ab56d946e2375/-/horizon-files-prod/ed/picture/q9m9rmqw/22941b72299868dc5cb144dac60fd3c665af8cc3.jpg
Honda,2018,Venant,Plateau,Dakar,3200000,https://i.roamcdn.net/hz/ed/listing-thumb-224w/d536c6800168623fa91326c665b6a0dd/-/horizon-files-prod/ed/picture/qngx0g0m/e77994ad0f5432498982638bf305d76089a88c0f.jpg
Honda,2020,Venant,Liberte 6 extension,Dakar,1750000,https://i.roamcdn.net/hz/ed/listing-thumb-224w/71b0cc75097d47710838170920b3355d/-/horizon-files-prod/ed/picture/q8v5pq5x/25ef6a0fc9bae7fb428910be94764eb8749da314.jpg
Piaggio,2011,Venant,Hlm,Dakar,800000,https://i.roamcdn.net/hz/ed/listing-thumb-224w/fc95b03e9d363b5c794374c52d191a77/-/horizon-files-prod/ed/picture/q8v5pw0r/8a9fb97652a77aa922816e95457909936e67265e.jpg
TGB,2009,D'occasion,Sicap Liberté,Dakar,3100000,https://i.roamcdn.net/hz/ed/listing-thumb-224w/da82cdb03607f07a7d9d275a5041683d/-/horizon-files-prod/ed/picture/qpd609rm/281d516b9f231429a5bdd32de04e995edac685a1.jpg
BMW,2020,D'occasion,Plateau,Dakar,4000000,https://i.roamcdn.net/hz/ed/listing-thumb-224w/83faf4a9d4144fa2f3fe54499bd17f8b/-/horizon-files-prod/ed/picture/q2jq72d6/d3a38b83955e44cd4cdb5df5a579db985a0e6137.jpg
MBK,2008,D'occasion,Ngor,Dakar,300000,https://i.roamcdn.net/hz/ed/listing-thumb-224w/7cd1542ab6beefbb3e4b2679ab3ec876/-/horizon-files-prod/ed/picture/qrzvn4kx/38571388857d22bf73be7f6574523b1cfbfbbff5.jpg
Honda,2023,Venant,Pikine,Dakar,425000,https://i.roamcdn.net/hz/ed/listing-thumb-224w/65ef122f47949e8f4c402c0e224309b8/-/horizon-files-prod/ed/picture/qq4795mw/d6ec56772ec9e0580bc12267228a236dcdd128bf.jpg
Kymco,2021,Venant,Liberte 6 extension,Dakar,1900000,https://i.roamcdn.net/hz/ed/listing-thumb-224w/6ba77f45231bc07c0931494e932a8ec2/-/horizon-files-prod/ed/picture/q9m99ww0/c16e4279090a423490028d139ce6bf5d6b37f658.jpg
Honda,2021,D'occasion,Plateau,Dakar,5000000,https://i.roamcdn.net/hz/ed/listing-thumb-224w/e2e11af4c5a82db40be8c2b74424deb6/-/horizon-files-prod/ed/picture/qrzqpx74/1667c779ed55391733e7b8ddf3208305972ba828.jpg
Yamaha,2019,Venant,Plateau,Dakar,2800000,https://i.roamcdn.net/hz/ed/listing-thumb-224w/4531773dc1a8a283323992482a38dbaa/-/horizon-files-prod/ed/picture/q6xknnqg/a2cdedc41e358c1cef5a27c7a2d012ade64a1dd5.jpg
Piaggio,2012,Neuf,Golf,Dakar,600000,https://i.roamcdn.net/hz/ed/listing-thumb-224w/a199d08aa2d7f4339e87c05c679828b7/-/horizon-files-prod/ed/picture/qv4egwd5/196bf1ceb79e9b353fbf1e43f032d919182747fd.jpg
Honda,2021,Venant,Almadies,Dakar,1500000,https://i.roamcdn.net/hz/ed/listing-thumb-224w/8f8f537739d6c37d1fc572959445ea3b/-/horizon-files-prod/ed/picture/qzvdzde8/5d16311c4a44e907bf031b771370fe676397b33a.jpg
MBK,2012,Venant,Guediawaye,Dakar,200000,https://i.roamcdn.net/hz/ed/listing-thumb-224w/74e522284286c2f0145b8b7daac63c95/-/horizon-files-prod/ed/picture/qq4797w4/3dc6d1c789a86037513bf1f0b32821c03cab9b37.jpg
Suzuki,2005,D'occasion,Castor,Dakar,375000,https://i.roamcdn.net/hz/ed/listing-thumb-224w/4eae67eebbd857c7302bd7cde805c5c1/-/horizon-files-prod/ed/picture/q0gwk09g/77a3af47e772f7ff144db92c045d467a05def0b6.jpg
Autre,2023,Neuf,Grand-Dakar,Dakar,305000,https://i.roamcdn.net/hz/ed/listing-thumb-224w/87cbd8461d64cf7c3901379e558694ae/-/horizon-files-prod/ed/picture/qv4ewnjj/9b610a80e8c910cfd3284fedd399c04809c54c16.jpg
Honda,2018,Neuf,Golf,Dakar,3800000,https://i.roamcdn.net/hz/ed/listing-thumb-224w/55fec128501942a0405a6c7ba033d0a2/-/horizon-files-prod/ed/picture/q2jq7zng/d0a1f1df9e55424e261d2bc5cf17dc8511f23731.png
Suzuki,2017,Venant,Patte d‘oie,Dakar,2200000,https://i.roamcdn.net/hz/ed/listing-thumb-224w/8660e0a9502a506b9fa938bc5a701e84/-/horizon-files-prod/ed/picture/q4488wdm/09edf3aeeea0331c872981d77b324594d5b927b6.jpg
Yamaha,2008,Neuf,Liberte 6 extension,Dakar,800000,https://i.roamcdn.net/hz/ed/listing-thumb-224w/7b62ff024ee0f9f6443a7bf2a8e89207/-/horizon-files-prod/ed/picture/qenqr086/a782db4848d8e778c2004c46e490138a5a797844.jpg
Yamaha,2022,Neuf,Golf,Dakar,4500000,https://i.roamcdn.net/hz/ed/listing-thumb-224w/f88a3907431bbbb8beaef97ad93df0bf/-/horizon-files-prod/ed/picture/qxj28qrw/d0f8010e3020bdc9d3d5504b46beb8befef1379d.jpg
Yamaha,2021,Venant,Fass,Dakar,2300000,https://i.roamcdn.net/hz/ed/listing-thumb-224w/4cb2a6f928900146877b3946277c277f/-/horizon-files-prod/ed/picture/q785jgeg/87284cc69efe09e33b295d510de229f6a9c2716b.jpg
Honda,2016,Venant,Fass,Dakar,1300000,https://i.roamcdn.net/hz/ed/listing-thumb-224w/cee9579a81945add45c2254303dcf688/-/horizon-files-prod/ed/picture/qv4edz7x/9580f6f7397bb3d0fafc7e2ffecf78e4336bbd46.jpg
Hyosung,2016,Venant,Amitié,Dakar,1500000,https://i.roamcdn.net/hz/ed/listing-thumb-224w/582a78a7574a559b0b304911f61a14fb/-/horizon-files-prod/ed/picture/qgq9md09/01bdb7e1e7df5f163d11f631489e7c01310311f1.jpg
Beta,2022,Venant,Grand-Dakar,Dakar,1500000,https://i.roamcdn.net/hz/ed/listing-thumb-224w/a835946be4d835dea7b5377b19a705ff/-/horizon-files-prod/ed/picture/q0gp4256/0dc42aac009c5d83ce2dc6263da94d402ac6f2c3.jpg
Autre,2023,Neuf,Plateau,Dakar,12000,https://i.roamcdn.net/hz/ed/listing-thumb-224w/f1daf4cc4a27959ebf564bb7e7a6befe/-/horizon-files-prod/ed/picture/qenqr9gz/3aef05d8c28d1d925784067801626706687043bd.png
Autre,2020,D'occasion,Almadies,Dakar,300000,https://i.roamcdn.net/hz/ed/listing-thumb-224w/f6fc5018ee22d1d3787d675d01ed4526/or%3D0/horizon-files-prod/ed/picture/qenqr9q2/1239eb5f6bb9bca1f72d767676ba18b88ee08871.jpg
Honda,2010,D'occasion,Somone,Thiès,950000,https://i.roamcdn.net/hz/ed/listing-thumb-224w/6b53c960866e1cfff50d3b80f7fe605c/-/horizon-files-prod/ed/picture/qq47z92j/43aec8eb2c09012484aa0a3493f4758292fbd7c9.jpg
Gilera,2016,Venant,Guediawaye,Dakar,200000,https://i.roamcdn.net/hz/ed/listing-thumb-224w/9ecaf60d5cbf24f2ef4be8c0faf9126b/-/horizon-files-prod/ed/picture/q6xkqkw7/414019929c7522437ba6b78321032002cfa8082e.jpg
MBK,2015,Neuf,Guediawaye,Dakar,250000,https://i.roamcdn.net/hz/ed/listing-thumb-224w/bc935cd036d52dc42c0530301f03c55f/-/horizon-files-prod/ed/picture/qdek9km8/b021ea275367e2e9261d8f2f5493dfe613fd315c.jpg
SYM,2018,Venant,Guediawaye,Dakar,330000,https://i.roamcdn.net/hz/ed/listing-thumb-224w/8fcb305cbc0094a28bf7945a67398147/-/horizon-files-prod/ed/picture/qpd6g6r4/19a08120717851e099a462a1040aa850c3f78f47.jpg
SYM,2018,Neuf,Guediawaye,Dakar,250000,https://i.roamcdn.net/hz/ed/listing-thumb-224w/4a4c5efb9bad716eb0214082e5c5aaa5/-/horizon-files-prod/ed/picture/qj4r6r9g/0d3303e483e8cbddd73cfe811598cc99651543f9.jpg
BMW,2021,Venant,Virage,Dakar,4500000,https://i.roamcdn.net/hz/ed/listing-thumb-224w/8763cf63e7894fe9b70937d0af9ed1b1/-/horizon-files-prod/ed/picture/qkrg8qrw/f90c881ac8c23a6dcfb11c0eae7b7a3c53380658.jpg
Kymco,2012,Neuf,Guediawaye,Dakar,250000,https://i.roamcdn.net/hz/ed/listing-thumb-224w/355bf711b6de28fcaea98baef213dbd7/-/horizon-files-prod/ed/picture/qkrg8xgp/6f8ab8f2291c36bc185b8d5b0e74eb32147323ec.jpg
Honda,2022,Neuf,Guediawaye,Dakar,1400000,https://i.roamcdn.net/hz/ed/listing-thumb-224w/d8cd901849ffe6470e97f169283288d5/-/horizon-files-prod/ed/picture/q6xkk2dg/4f821435fe26e6b0d5173908cd85756935ad14a0.jpg
Yamaha,2019,Venant,Liberte 6 extension,Dakar,1700000,https://i.roamcdn.net/hz/ed/listing-thumb-224w/1a2cdf6f185bc100cb2ee5197b72b7f6/-/horizon-files-prod/ed/picture/q9m98kg6/bb799b0c91f7b29b53b425aedb628a59a5e3f004.jpg
Aprilia,2020,Venant,Guediawaye,Dakar,180000,https://i.roamcdn.net/hz/ed/listing-thumb-224w/e88e3712aec59792fc0de7778f09a91e/-/horizon-files-prod/ed/picture/q8v5zwqn/417fe8aa739dcf07428089be94d35f4f186a1537.jpg
Yamaha,2021,Venant,Sacré-cœur,Dakar,4500000,https://i.roamcdn.net/hz/ed/listing-thumb-224w/6284dfeef28b804a672783265a8e09cd/-/horizon-files-prod/ed/picture/qngxpj7w/90b5aa9817da29729b548cf136652802dcf31823.jpg
Gilera,2003,Venant,Guediawaye,Dakar,250000,https://i.roamcdn.net/hz/ed/listing-thumb-224w/aac17ee78f996831ccfe81507f21c0fd/-/horizon-files-prod/ed/picture/q448n684/8dff9c5907adbdf36cf5af91feeae15813905fa9.jpg
Piaggio,2018,Neuf,Guediawaye,Dakar,230000,https://i.roamcdn.net/hz/ed/listing-thumb-224w/40b115ba5036086dabf8f13b1b916ea7/-/horizon-files-prod/ed/picture/q9m9jn87/4f5930f54584141907ceb486e362ec55af1ff5d2.jpg
MBK,2022,Neuf,Guediawaye,Dakar,330000,https://i.roamcdn.net/hz/ed/listing-thumb-224w/4cd99d92a822f1dfdab1ae1effbff94b/-/horizon-files-prod/ed/picture/q56xdz45/e4a5270fae7a92dcd63a762172a187058d178c02.jpg
Piaggio,2017,Neuf,Guediawaye,Dakar,850000,https://i.roamcdn.net/hz/ed/listing-thumb-224w/6de1c08079d398905bfb9a6ab7822d7a/-/horizon-files-prod/ed/picture/qgq9w42r/4a3070e60ec963d53b1a37b5e6f95f8858d79361.jpg
Yamaha,2021,Venant,Sacré-cœur,Dakar,3400000,https://i.roamcdn.net/hz/ed/listing-thumb-224w/c74b11ae66b09ae5f992933fe82a8626/-/horizon-files-prod/ed/picture/q2jq08m8/3eb43e5eb8f8e5b1a8528e96efa432b1f59440f0.jpg
Honda,2023,Venant,Mermoz,Dakar,1900000,https://i.roamcdn.net/hz/ed/listing-thumb-224w/878d6daaf8da85218a6709d087fb323b/-/horizon-files-prod/ed/picture/q448n0m9/752ea2e39fb93ed3507c60b97aa91d8f700bba4f.jpg
KTM,2020,Neuf,Castor,Dakar,480000,https://i.roamcdn.net/hz/ed/listing-thumb-224w/2cd27eee9ce109c2e76c62e9821c12f7/-/horizon-files-prod/ed/picture/q785wpjz/02713e219469883bc11ac40b7b68bd8760e0cc48.jpg
Kymco,2023,Venant,Pikine,Dakar,475000,https://i.roamcdn.net/hz/ed/listing-thumb-224w/3ca19da10368e2551e2172065254697e/or%3D90/horizon-files-prod/ed/picture/qv4ewp9x/0f6cd2d89e7a9c7f7bb9641c6774f835bdeff8f1.jpg
Piaggio,2018,Neuf,Parcelles Assainies,Dakar,480000,https://i.roamcdn.net/hz/ed/listing-thumb-224w/be26042e746de76085f8f0c21e66ea42/-/horizon-files-prod/ed/picture/qm5pgr0j/d5de35056f1c2c80936cf6d6b74c9d0792040616.jpg
BMW,2023,Venant,Pikine,Dakar,950000,https://i.roamcdn.net/hz/ed/listing-thumb-224w/6d817e7bad1c57b2709ec2c00ca8e9fe/or%3D90/horizon-files-prod/ed/picture/qpd66k0x/742bc98fa84a49d9d646c7b550561d1f30c99028.jpg
BMW,2003,Venant,Guediawaye,Dakar,1500000,https://i.roamcdn.net/hz/ed/listing-thumb-224w/87c68b4892650dc1f76bf32e087b3e96/-/horizon-files-prod/ed/picture/q56xxmge/4ec52152f4c61d9a4aafaaf50a23e41a6b0e99eb.jpg
SYM,2017,Venant,Guediawaye,Dakar,320000,https://i.roamcdn.net/hz/ed/listing-thumb-224w/7f69e0b89d831295a9e70b80464257fe/-/horizon-files-prod/ed/picture/qxj220jm/e925af31bc572b93aacafc72e536704067eaf64c.jpg
Kymco,2016,Neuf,Guediawaye,Dakar,380000,https://i.roamcdn.net/hz/ed/listing-thumb-224w/c9e3a137366befe65415ba3f711b0b3f/-/horizon-files-prod/ed/picture/q4488z42/4e8daa26fd4deba6974e2810f5333ea0cf2229ea.jpg
Aprilia,2020,Neuf,Guediawaye,Dakar,250000,https://i.roamcdn.net/hz/ed/listing-thumb-224w/ce8a055c7129aad60fe98091d6df049d/-/horizon-files-prod/ed/picture/q2jqqvr2/4559fb521d6f01d1caf8e13c6c6a06239540d095.jpg
KTM,2013,D'occasion,Thiaroye,Dakar,1500000,https://i.roamcdn.net/hz/ed/listing-thumb-224w/28887230730caf9e1152e0e3c71a4d29/-/horizon-files-prod/ed/picture/qngxxv2x/360e96164af00874dfdf8147355cee45f8df3385.jpg
Vespa,2016,Venant,Guediawaye,Dakar,230000,https://i.roamcdn.net/hz/ed/listing-thumb-224w/54273cfbdb727cbdbb093d70f138caa1/-/horizon-files-prod/ed/picture/qj4rrgjw/f67a9b7355c8fc1626838de06792f1bbd9bf7c66.jpg
Honda,2011,D'occasion,Fann,Dakar,400000,https://i.roamcdn.net/hz/ed/listing-thumb-224w/af90cf1ac85d388712f3fdde2dea6c25/-/horizon-files-prod/ed/picture/qwez5m6m/43b19c05b334719685a38264deae89cd76d85aeb.jpg
Vespa,2018,Neuf,Guediawaye,Dakar,475000,https://i.roamcdn.net/hz/ed/listing-thumb-224w/b119d6efb53b98e9a39250f290dc8b36/-/horizon-files-prod/ed/picture/qwe229rp/ead28f1e7eb52e95b3ae457ba6fac9ffb139f3ed.jpg
Honda,2018,Venant,Golf,Dakar,3900000,https://i.roamcdn.net/hz/ed/listing-thumb-224w/9464e90c01dcac81fed5bc82c12e920b/-/horizon-files-prod/ed/picture/q6xkkm96/232cae3b2a5292bd8458602d44388c00cfaa58ce.jpg
Kymco,2015,D'occasion,Almadies,Dakar,800000,https://i.roamcdn.net/hz/ed/listing-thumb-224w/1791b72e7763a360d530fae53deba798/-/horizon-files-prod/ed/picture/q44dee6v/887ae59b50c5b62cb2c1fa10843ebc4a245cf1eb.jpg
Honda,2023,Neuf,Castor,Dakar,595000,https://i.roamcdn.net/hz/ed/listing-thumb-224w/2f121c3ac13ef4e8dffa9f6e97692a79/-/horizon-files-prod/ed/picture/q9m829nn/7ea898856034a8cc7ca2f14d35afc60b595a4371.jpg
BMW,2012,Venant,Golf,Dakar,2500000,https://i.roamcdn.net/hz/ed/listing-thumb-224w/1fd343e94c1d49e3cd3179f9e061d57a/-/horizon-files-prod/ed/picture/qpd667wm/47a9ef074cb234361019e2b5c68870fd789a2936.jpg
Yamaha,2022,Venant,Golf,Dakar,3200000,https://i.roamcdn.net/hz/ed/listing-thumb-224w/3c3250161ce521852dbc9b48ccc30942/-/horizon-files-prod/ed/picture/qdekk250/e3cf93ed051e5cad010091a00376df8a3a1aa972.jpg
Yamaha,2019,D'occasion,Médina,Dakar,2700000,https://i.roamcdn.net/hz/ed/listing-thumb-224w/a0ee38ab08ce017fb67d3fc6f07c4684/-/horizon-files-prod/ed/picture/q785785n/a49ef45ab4b440e43dbc826a6992647c8631138f.jpg
Gilera,2012,Venant,Guediawaye,Dakar,280000,https://i.roamcdn.net/hz/ed/listing-thumb-224w/956c81aaecd932f8f1e6fc9a3d23adaf/-/horizon-files-prod/ed/picture/q7857n9g/ed981718c5cc8989c76ce09da583153756ceb6f9.jpg
Yamaha,2018,D'occasion,Cité Damel,Dakar,900000,https://i.roamcdn.net/hz/ed/listing-thumb-224w/2ac1261dccc3f98f8732b0d3c42ef762/-/horizon-files-prod/ed/picture/qgqg20e4/135d0cae1fdffc3bb4dbd91a0c978b1d62cfaffc.jpg
Piaggio,2020,Venant,Guediawaye,Dakar,299000,https://i.roamcdn.net/hz/ed/listing-thumb-224w/e8f0ecc800dbc92d5f1d58c8c4b336f8/-/horizon-files-prod/ed/picture/qen5rmrd/2fcba216afd765a8e6142df7888dcf3285f73de9.jpg
CF Moto,2022,D'occasion,Dalifort,Dakar,1300000,https://i.roamcdn.net/hz/ed/listing-thumb-224w/210e59d4b77eb54c7c3c4b55cd6cffac/-/horizon-files-prod/ed/picture/q448d9x4/234ec2210f32e8b640c739246b6dfb56ee6a8c1a.jpg
Vespa,2008,Venant,Guediawaye,Dakar,250000,https://i.roamcdn.net/hz/ed/listing-thumb-224w/302956862c22764a7ec7c3758d255d9c/-/horizon-files-prod/ed/picture/q785vw48/514ff062a3aa74a79b1b5709cf8726ae60617a8f.jpg
BMW,2018,D'occasion,Plateau,Dakar,5150000,https://i.roamcdn.net/hz/ed/listing-thumb-224w/c63cc7efe7ba2a1955ff92269a6f73c6/-/horizon-files-prod/ed/picture/qq47dq54/f6cc3095a79c82d85aa8fe49ebb5707126c2aa29.jpg
Autre,2022,Neuf,Plateau,Dakar,200000,https://i.roamcdn.net/hz/ed/listing-thumb-224w/bd1838be97af916656f49b37bdf02e59/-/horizon-files-prod/ed/picture/qv4ep9rx/c0f7e2c6d76e480bfe581b95c40c907b75dc2e1b.jpg
Honda,2019,Venant,Fann,Dakar,4850000,https://i.roamcdn.net/hz/ed/listing-thumb-224w/6dfb047fd0dba0a75e8c43fb9c500efd/-/horizon-files-prod/ed/picture/q787jq6j/d1ca5feef6bf2bf7c2cd08dcc44dc496e8c6e766.jpg
Yamaha,2012,Venant,Ouakam,Dakar,1000000,https://i.roamcdn.net/hz/ed/listing-thumb-224w/966733d0a80b971e19e5ffab2b05185d/-/horizon-files-prod/ed/picture/q9m9mke7/d038f4ac616ce634ee81e3bb102f3609b88c09fb.jpg
Yamaha,2022,Venant,Cité keur gorgui,Dakar,2700000,https://i.roamcdn.net/hz/ed/listing-thumb-224w/87861689f7e60abd929430055a5d10fc/-/horizon-files-prod/ed/picture/q7882x6g/c44827db35690c51e6d16dade33d111a44abb984.jpg
Yamaha,2021,D'occasion,Ngor,Dakar,3700000,https://i.roamcdn.net/hz/ed/listing-thumb-224w/53112742420a57e7a5acc140322aa2d3/-/horizon-files-prod/ed/picture/qngx5v49/12754241b0b1316bb8a18a4142d7651673ad24d7.jpg
BMW,2007,Venant,Dieuppeul,Dakar,2200000,https://i.roamcdn.net/hz/ed/listing-thumb-224w/e019f9c02d05eb9e6ce8234107ea3874/-/horizon-files-prod/ed/picture/q787nx2g/85018a9c1947a7d938f505e9f86bf1fc4f6555ea.jpg
Suzuki,2009,D'occasion,Avenue Bourguiba,Dakar,2800000,https://i.roamcdn.net/hz/ed/listing-thumb-224w/a086c6798dcfe03997580cbb9f0f61e9/-/horizon-files-prod/ed/picture/q0gwp2gx/54517d9057464cc3a8fc7391790f2a16d1273c94.jpg
Bajaj,2020,Neuf,Castor,Dakar,680000,https://i.roamcdn.net/hz/ed/listing-thumb-224w/f9dc34f10845536e2b323ed4868651e4/-/horizon-files-prod/ed/picture/q787erv5/99722c46133d1785468ba35cf524eceb49869178.jpg
Autre,2022,Neuf,Ouakam,Dakar,480000,https://i.roamcdn.net/hz/ed/listing-thumb-224w/f247815e563ac9c8533c998ad0df1ba9/-/horizon-files-prod/ed/picture/q44dgd5z/83b4e9bc5e4b472582195b4879d9b1c66db1f203.jpg
Yamaha,2009,D'occasion,Parcelles Assainies,Dakar,250000,https://i.roamcdn.net/hz/ed/listing-thumb-224w/7d8ed8c4d09388474bb442316e461bec/-/horizon-files-prod/ed/picture/qrzqee25/d0a88679b9787e30097fb9ff245830ba08a4585a.jpg
Ducati,2009,D'occasion,Ouakam,Dakar,1500000,https://i.roamcdn.net/hz/ed/listing-thumb-224w/c050cf717da90308a1244705a0521069/-/horizon-files-prod/ed/picture/q564qv87/609d6f6b57489e617a6cc4fc0e50379d38b10d51.jpg
Yamaha,2021,Venant,Parcelles Assainies,Dakar,850000,https://i.roamcdn.net/hz/ed/listing-thumb-224w/949002b3cb566dda7fd1fe77b47f71a7/-/horizon-files-prod/ed/picture/qpdw5m0w/69f7c26f52143e4cdfaf368d002811314167ae27.jpg
Yamaha,2012,D'occasion,Grand-Yoff,Dakar,550000,https://i.roamcdn.net/hz/ed/listing-thumb-224w/8d569bfd652e544964f940838855258a/-/horizon-files-prod/ed/picture/qj4jwerg/bd709fa89b15ea354d712d4128fc2a162807e669.jpg
Autre,2022,Neuf,Hlm,Dakar,1575000,https://i.roamcdn.net/hz/ed/listing-thumb-224w/8fd846819b6789ea274011f6ad5ff1d5/-/horizon-files-prod/ed/picture/qzv4p5nd/b18f2f4f518fea6f96936d195d06dd98d1a5f6e0.jpg
Lifan,2022,Neuf,Castor,Dakar,1,https://i.roamcdn.net/hz/ed/listing-thumb-224w/77e554e0a7dd91ee5acdb46c08a6ce4c/-/horizon-files-prod/ed/picture/qwemvk0p/ba56da2c54210eb84e4d831ce16caf51d8a65bc0.jpg
Kymco,2021,Venant,Liberte 6 extension,Dakar,1900000,https://i.roamcdn.net/hz/ed/listing-thumb-224w/3b2a60107d012bbf1bc3c64ebd8a755e/-/horizon-files-prod/ed/picture/qwezzd8j/8883020b9c84abc915ebbe70326800a545c54ad5.jpg
KTM,2017,D'occasion,Almadies 2,Dakar,3000000,https://i.roamcdn.net/hz/ed/listing-thumb-224w/5a504ae98e8296e83e73387d6db7f963/-/horizon-files-prod/ed/picture/qweenpqg/694542f85ac850888de4e6004e455e30923329c9.jpg
Honda,2021,Venant,Liberte 6 extension,Dakar,1950000,https://i.roamcdn.net/hz/ed/listing-thumb-224w/b7bd261b19ddbd2f867442854eea2441/-/horizon-files-prod/ed/picture/qdeevw08/326126434da1cc977afa3955c728c5e74064973f.jpg
Kymco,2023,Venant,Pikine,Dakar,425000,https://i.roamcdn.net/hz/ed/listing-thumb-224w/462e8b468cb2aee1824aed1325ef6e5b/or%3D90/horizon-files-prod/ed/picture/q6x67577/775e38768c08803994a225db58749fe6e2d4771f.jpg
Yamaha,2018,D'occasion,Grand-Yoff,Dakar,2500000,https://i.roamcdn.net/hz/ed/listing-thumb-224w/3d701aa3e7c5c59988498142918712a7/-/horizon-files-prod/ed/picture/qpddregv/6e5c64f0b5669bcb7a484601e6f5813e734d45fa.jpg
Piaggio,2009,D'occasion,Plateau,Dakar,260000,https://i.roamcdn.net/hz/ed/listing-thumb-224w/ff561b8cf0b3e1dc447625eca10eeaf9/-/horizon-files-prod/ed/picture/qq44vg2w/9c81d6e6dfebf432cd4357f8e1d654d522167cd9.jpg
Jeep,2015,D'occasion,Parcelles Assainies,Dakar,8300000,https://i.roamcdn.net/hz/ed/listing-thumb-224w/735558fc7c87ad3dc4b18aafb42aacc5/-/horizon-files-prod/ed/picture/qdekj0kg/63ba184db0bbf213d38e3e962fafb8077b5d0882.jpg
Mitsubishi,2019,D'occasion,Cité Damel,Dakar,13500000,https://i.roamcdn.net/hz/ed/listing-thumb-224w/44a342af976b1b56b20a032ddc08ff6f/-/horizon-files-prod/ed/picture/qxj2xm28/6e0a14acd307e1ee1d42b5cc2e7813f9e278b92b.jpg
Kia,2015,D'occasion,Fenêtre mermoz,Dakar,7700000,https://i.roamcdn.net/hz/ed/listing-thumb-224w/f26e09c2c28655672b7dc19b8106a33e/-/horizon-files-prod/ed/picture/qxj2egjq/6c752882684fe3e4c566f6e9c2c4e9b555e6e187.jpg
Mazda,2015,Venant,Fenêtre mermoz,Dakar,8900000,https://i.roamcdn.net/hz/ed/listing-thumb-224w/5bcc35b51df60f60d347b74c39d85d5c/-/horizon-files-prod/ed/picture/qwe2jxrm/5b43a0e5c8c341e025f1b7f135c6bf23a2a92680.jpg
Mitsubishi,2013,Neuf,Liberte 6,Dakar,9500000,https://i.roamcdn.net/hz/ed/listing-thumb-224w/e227bd6261c478175bca3a9877da9bac/-/horizon-files-prod/ed/picture/qrzv4rp9/f4329e0c2267958a7965625d71178a2780da6372.jpg
BMW,2015,Venant,Almadies,Dakar,17000000,https://i.roamcdn.net/hz/ed/listing-thumb-224w/cb42e8ea73def2c160f47f6a8241dd96/-/horizon-files-prod/ed/picture/qngx9pg0/3aabf59bcba07bbdaf146d6024a2f2fc6ce8804d.jpg
Mazda,2015,Venant,Rufisque,Dakar,8500000,https://i.roamcdn.net/hz/ed/listing-thumb-224w/6d9529bbb2dbf878c948d09f915d6ce8/-/horizon-files-prod/ed/picture/qkrgvpgv/ba66ac9f7d6a74f7521197cc3ca3472574604556.jpg
Rexton,2000,Venant,Almadies,Dakar,15000000,https://i.roamcdn.net/hz/ed/listing-thumb-224w/6c5b4b7f499ac9bbc356cb405372a648/-/horizon-files-prod/ed/picture/qj4rz5p5/6ede31a05b5829a756cf3c6153cb45ebb3bcb457.jpg
Hyundai,2021,Venant,Almadies,Dakar,20000000,https://i.roamcdn.net/hz/ed/listing-thumb-224w/8dc556c1ce0dd93552feca1a156a5097/-/horizon-files-prod/ed/picture/q0gw0nwg/b71e06210c63cb40d23bb9ab051cb06d71e3202f.jpg
Hyundai,2017,Venant,Fenêtre mermoz,Dakar,13000000,https://i.roamcdn.net/hz/ed/listing-thumb-224w/d7494baa7a8c38dd1de04d7e8e72c87d/-/horizon-files-prod/ed/picture/q448q08r/7cab4cfcac6ad835faf6f699e2d69ac0644d72be.jpg
Hyundai,2008,D'occasion,Hann Bel-Air,Dakar,2650000,https://i.roamcdn.net/hz/ed/listing-thumb-224w/74861bb7bf7da17a68d5c747dd01ede9/-/horizon-files-prod/ed/picture/q8v5xp5p/a94f88ba82d82bc059878d2e1665ad0736d35358.jpg
