details,etat,localite,region,prix,lien_image
BLOUSONS MOTARD,Neuf,Yoff,Dakar,15,https://i.roamcdn.net/hz/ed/listing-thumb-224w/7c2970f45641f72d084e429403a17fab/-/horizon-files-prod/ed/picture/q6xk4q4n/4d816547cded47ed8d2de76e54afc3f85c129cee.jpg
Housse de voiture de luxe 5 places,Neuf,Grand-Dakar,Dakar,60000,https://i.roamcdn.net/hz/ed/listing-thumb-224w/67dc01d6a6fd851a62bb1a14f8f27498/-/horizon-files-prod/ed/picture/q94z565/3bdde9ca8596248a7dce0fa248c41885c7dfbc2d.png
Vente de pi√®ces d√©tach√©es,Neuf,Parcelles Assainies,Dakar,1,https://i.roamcdn.net/hz/ed/listing-thumb-224w/f4d5a264a35b874898d49b9cd4621489/-/horizon-files-prod/ed/picture/q8vz9gjp/82291d9c33fb7d30fff4d696f6c6f5cf217d4792.jpg
Gps Tracker G√©olocalisation,Neuf,Ouakam,Dakar,45000,https://i.roamcdn.net/hz/ed/listing-thumb-224w/eb8302ce58ad1d5431d9e6cf04945336/-/horizon-files-prod/ed/picture/migrated/qm0j529/09e8d7e8562a17b34f0d50f9e7e3b42863d46aef.jpg
Changer votre pare-brise,Neuf,M√©dina,Dakar,10,https://i.roamcdn.net/hz/ed/listing-thumb-224w/4875085641bc9c8645a8907d80182c97/-/horizon-files-prod/ed/picture/q6xk4kdn/66b1ca2893d9590b7c479a750d59bb736efc417c.jpg
Papier Carte Grise et Pi√®ces d√©tach√©es Nissan Rogue 2012,D'occasion,Almadies,Dakar,15000,https://i.roamcdn.net/hz/ed/listing-thumb-224w/4fde51e70e994b392507850a777ff310/-/horizon-files-prod/ed/picture/qzvdxr5d/4dbff5d66d676ed91dfd175bda7bba7098c82d33.jpg
Pare-brise,Venant,Hlm,Dakar,40000,https://i.roamcdn.net/hz/ed/listing-thumb-224w/8e99eb066fbac74464578ed4bec9f22b/-/horizon-files-prod/ed/picture/migrated/q5pzn60/2d52ad7d65cc6c9e6e290c3a4116ba3838423bdc.jpg
Bache voiture 4x4 et SUV imperm√©able et doubl√© en coton,Neuf,Grand-Dakar,Dakar,25000,https://i.roamcdn.net/hz/ed/listing-thumb-224w/40712c576e07ab9f52f753ecffd34bd5/-/horizon-files-prod/ed/picture/qpdp8wx2/876ca19313baf8b0e8aa112e675dfd20095de499.png
Pi√®ces d√©tach√©es de toutes les marques,D'occasion,Plateau,Dakar,1,https://i.roamcdn.net/hz/ed/listing-thumb-224w/b0e1213d0964f23a47c1b56217c5fb4e/-/horizon-files-prod/ed/picture/q7859w2m/1c81731eec0dff74813571461cd9c0a48de210b7.png
√âTUI DE CL√âS POUR VOITURES,Neuf,Hann maristes,Dakar,12000,https://i.roamcdn.net/hz/ed/listing-thumb-224w/8b8126e326eff13d081ec6bdde0c2da6/-/horizon-files-prod/ed/picture/q8v5dzgr/a7369f3097ae7f9c0b6de51855a8564e301ae220.jpg
CRIC √âLECTRIQUE DE VOITURES,Neuf,Hann maristes,Dakar,90000,https://i.roamcdn.net/hz/ed/listing-thumb-224w/eba9043f1791153b091a7280c6dafeda/-/horizon-files-prod/ed/picture/qkrgq50w/eef8fb4a972743831fe26b65d926916a0f23f7c0.jpg
Spomicrophone universel pour Pare-Chocs,Neuf,Hann maristes,Dakar,40000,https://i.roamcdn.net/hz/ed/listing-thumb-224w/f12b2ec4a9f991f30f9ed61e9f7edc53/-/horizon-files-prod/ed/picture/qen5z5vz/ae78e42be42a9cd5fc4ef2373a2ff11dde06ba20.jpg
MOTEURS ET PI√àCES AUTO,D'occasion,Thiaroye,Dakar,200000,https://i.roamcdn.net/hz/ed/listing-thumb-224w/1f9d671da8ee44a60a6a4be223c68710/-/horizon-files-prod/ed/picture/q0gwzq9e/35351b00322c1ec9a95396e89429eeae4386aa02.jpg
Pistolet Nettoyeur Haute Pression 30 bar,Neuf,Grand-Dakar,Dakar,35000,https://i.roamcdn.net/hz/ed/listing-thumb-224w/6bc003bf6e501aa01377de9fe359003b/-/horizon-files-prod/ed/picture/qxj2gknq/0be70665dbce4840064546022540ff38f926222e.png
Compresseur d‚Äôair,Neuf,Grand-Dakar,Dakar,15000,https://i.roamcdn.net/hz/ed/listing-thumb-224w/636d39c3f1415686d4ba1de2e031ff61/-/horizon-files-prod/ed/picture/q62nmnj/b8b123ce861d7f43c70f4d63a2c96400b0bc0eb8.jpg
Pi√®ces d√©tach√©es,D'occasion,Plateau,Dakar,1,https://i.roamcdn.net/hz/ed/listing-thumb-224w/6f37667c1cea54afa6ffe9754340771d/-/horizon-files-prod/ed/picture/qj4r2rnz/fa814c061d550f4b838d7e5fcd0f5827d005f006.jpg
Pi√®ces d√©tach√©es,Neuf,Plateau,Dakar,1,https://i.roamcdn.net/hz/ed/listing-thumb-224w/5dd576d6ba5cf39d0b8fed8f3fc701fa/-/horizon-files-prod/ed/picture/q6xkzkjd/1100078e2123008bd8de77bf249f014764cbe664.png
CHARGEUR DE BATTERIES INTELLIGEANT,Neuf,Hann maristes,Dakar,24000,https://i.roamcdn.net/hz/ed/listing-thumb-224w/032f06b643d2a795d499d05ce3c1299c/-/horizon-files-prod/ed/picture/qv648nj/8d12c4e1c9a44c0f14d063d720a64a5059ca256d.jpg
Compresseurs voitures americaines,Venant,Keur ndiaye l√¥,Dakar,80000,https://i.roamcdn.net/hz/ed/listing-thumb-224w/618817484d2f2e97d8809b7d7933918a/-/horizon-files-prod/ed/picture/qngxj4pm/0520f483b9dc1526dd9e9c217675a65a81004e86.jpg
Batterie venant des usa üá∫üá∏,D'occasion,Dieuppeul,Dakar,30000,https://i.roamcdn.net/hz/ed/listing-thumb-224w/d0e08a87b0100c68b0e9cab2926f9c11/-/horizon-files-prod/ed/picture/qm5pdvkr/72f1c76f1fbddbefe5997564f0da9c661ccfdce2.jpg
Huile Moteur,Neuf,Ouest foire,Dakar,20000,https://i.roamcdn.net/hz/ed/listing-thumb-224w/b7aea4343dd506b42d207efdfdad5d44/-/horizon-files-prod/ed/picture/qgq90660/0d532d06091ad687f8b4bcb3fd62247a74b0b7f2.jpg
Pi√®ce BMW,D'occasion,Grand-Yoff,Dakar,40000,https://i.roamcdn.net/hz/ed/listing-thumb-224w/ccf6db3a084c6425e426c72326878081/-/horizon-files-prod/ed/picture/qwe28x9d/cb75dc43b44ce0cc18c20dde777e005bb5f051cc.jpg
Pare-brise de voiture,Neuf,M√©dina,Dakar,45000,https://i.roamcdn.net/hz/ed/listing-thumb-224w/306b9461b7fd1178c5aab808d60bade1/-/horizon-files-prod/ed/picture/qrz24708/22b2c8ac7d89d8c5c58085e23855ca330f050887.jpg
FILTRE GASOIL,Neuf,Pikine,Dakar,1,https://i.roamcdn.net/hz/ed/listing-thumb-224w/ac80aa2324c59cb542b89eef06dede8e/-/horizon-files-prod/ed/picture/qwe2g56z/a833015cc5019c8534ddb023ea4d61bd361c2564.jpg
Pi√®ce jointe,Neuf,Pikine,Dakar,160,https://i.roamcdn.net/hz/ed/listing-thumb-224w/6ccae8b04ce666679029e7ee144e27ed/-/horizon-files-prod/ed/picture/q8v5k7p6/6ca11aebc20458e9755940efe1f5f76de2c87a57.jpg
Phare BMW s√©rie 3,Neuf,Mermoz,Dakar,350000,https://i.roamcdn.net/hz/ed/listing-thumb-224w/6e60e565d7516bbee5c263142edf913f/-/horizon-files-prod/ed/picture/qq47v8nw/33cee49e7baf4ac97b6efea4abab127fb511656e.jpg
Bache voiture 4x4 et SUV imperm√©able et doubl√© en coton,Neuf,Grand-Dakar,Dakar,25000,https://i.roamcdn.net/hz/ed/listing-thumb-224w/94cae65dfa991ea6e4a350eb474b9fd4/-/horizon-files-prod/ed/picture/qxj6q7zm/ebc17c7f0ab32cd1626fd6922d27eab048597174.png
Outil de diagnostic voitures wifi OBD2 ELM327,Neuf,Patte d‚Äòoie,Dakar,13000,https://i.roamcdn.net/hz/ed/listing-thumb-224w/e79408bd139d1f9ed5798e5d3208954c/-/horizon-files-prod/ed/picture/qngxzznz/e51bc281d25194bab8cdbb3d4f2bfe47061e4a0e.jpg
GPS Tracker Voiture et Moto,Neuf,Guediawaye,Dakar,40000,https://i.roamcdn.net/hz/ed/listing-thumb-224w/a75d0b026b0a4cdfdbbba321cb37be21/-/horizon-files-prod/ed/picture/qq47v687/bbe3de00b5eaad0e65d7d82dd3508d5913b8ae3a.png
GPS Tracker Moto,Neuf,Guediawaye,Dakar,25000,https://i.roamcdn.net/hz/ed/listing-thumb-224w/e5ec098f082327bf0155817d57dcb1cb/-/horizon-files-prod/ed/picture/qgq908j8/a85597ac36bd7af13106d349597698ef3a7c696f.png
Casque SMK Helmets,Neuf,Grand-Yoff,Dakar,60000,https://i.roamcdn.net/hz/ed/listing-thumb-224w/362aaf35778a791701e75cf3115ebea3/-/horizon-files-prod/ed/picture/qrzv0j54/b7a2656c8f721ddb8f1f13732696631728d1dedb.jpg
Si√®ge auto enfant - R√©hausseur de voiture,D'occasion,M√©dina,Dakar,5000,https://i.roamcdn.net/hz/ed/listing-thumb-224w/2ceb4adb6a916952fc6a3bfd35e942e2/-/horizon-files-prod/ed/picture/qxj2zkwj/48bc1630b2a1840fb2ae1f0588325a0d1d02a46c.jpg
"Colle moteur, verre et aluminium",Neuf,Pikine,Dakar,28000,https://i.roamcdn.net/hz/ed/listing-thumb-224w/5c55205d2adfc8203341a1313d93b736/-/horizon-files-prod/ed/picture/q785m0pd/aa4f871c38a79d8ce03d3375686dab7a0cc9dc47.jpg
"Mini traceur GPS GF07, localisateur",Neuf,Grand-Dakar,Dakar,15000,https://i.roamcdn.net/hz/ed/listing-thumb-224w/de1e6020d6290ec686017f1224e36b5b/-/horizon-files-prod/ed/picture/qj75d2e/4bb82bf3031679fe771d8594c0b8d949b2d391aa.jpg
Bache voiture 4x4 et SUV imperm√©able et doubl√© en coton,Neuf,Grand-Dakar,Dakar,25000,https://i.roamcdn.net/hz/ed/listing-thumb-224w/4453914bf7532088404b37b1ef796b25/-/horizon-files-prod/ed/picture/qvjrkkw/67e13f800ae199b5c83abbbb9a09ab4fc219fac5.png
GPS tracker g√©olocalisation,Neuf,Mamelles,Dakar,45000,https://i.roamcdn.net/hz/ed/listing-thumb-224w/a142977ad1c547f5f66e4d64fe345386/-/horizon-files-prod/ed/picture/q0gw520x/d15f7816fb4f5592d3d2e50a6ef3b9202eb9990c.png
Garniture de pare brise Ford Explorer neuf emball√©,Neuf,Ngaparou,Thi√®s,60000,https://i.roamcdn.net/hz/ed/listing-thumb-224w/55b070ab556885ced165d6f3ca6b04e6/-/horizon-files-prod/ed/picture/qq47vzd7/ac7bef2d565f6a8bdd16508f324cd5a3d77d3ec7.jpg
Vends 3 pneus GOOD YEAR Wrangler 4x4,D'occasion,Ngaparou,Thi√®s,150000,https://i.roamcdn.net/hz/ed/listing-thumb-224w/8949c7ae0e3a64c13cfd76043580bd7f/-/horizon-files-prod/ed/picture/q9m9dk80/2f5d0f8a87af3e114287cba9d7224a0d7e8888f4.jpg
Moteur 640 KTM,D'occasion,Thi√®s,Thi√®s,350000,https://i.roamcdn.net/hz/ed/listing-thumb-224w/80f1b5d26775a62684af4e5fb3b05b5c/-/horizon-files-prod/ed/picture/q6xkmden/1e9b86e573aa984ff235c993b5d6d5c26577c9e2.jpg
Pi√®ces d√©tach√©es,D'occasion,Plateau,Dakar,1,https://i.roamcdn.net/hz/ed/listing-thumb-224w/ff8f13094ba03fa4fd469ef9d613bcb1/-/horizon-files-prod/ed/picture/q78595qj/9e29d39a4e3a8e32af2577148ccf8de295f02431.png
Pompe √† eau Mercedes,Neuf,Pikine,Dakar,1,https://i.roamcdn.net/hz/ed/listing-thumb-224w/68306f7ae85becff161079188a400e4d/-/horizon-files-prod/ed/picture/qgq9pv9q/69de8204ba48766c5b4aeb535c08f728d6573119.jpg
Vente pieces Dodge dart uniquement,D'occasion,Liberte 4,Dakar,1000,https://i.roamcdn.net/hz/ed/listing-thumb-224w/470d5e842f2e867aef54c3648bae6556/-/horizon-files-prod/ed/picture/q0gg75md/29cc7d29c6f3f24a62b5b616becefe4b1c0ba10b.jpg
Phares et feux,Venant,Hann maristes,Dakar,1237,https://i.roamcdn.net/hz/ed/listing-thumb-224w/078b8233af8853f9541a55b10ea1f654/-/horizon-files-prod/ed/picture/qwe2j0n4/c2d453eca9ff44ed2a93e64df60e01af94973d4b.jpg
Lecteur MP3 Voiture T10,Neuf,Dieuppeul,Dakar,10000,https://i.roamcdn.net/hz/ed/listing-thumb-224w/5f3564cfbd46aaf3d8a96f7fcd331abd/-/horizon-files-prod/ed/picture/migrated/qjpzp94/0a902038fae7f6526d86f14eeebaaa7ef37483d4.jpg
Par choc buffle Nissan Navara ou Toyota,Neuf,Liberte 6,Dakar,450000,https://i.roamcdn.net/hz/ed/listing-thumb-224w/0072ce430aa2738910f913833645eca5/-/horizon-files-prod/ed/picture/qxj2q0n0/e7a5eda21ba431593f5bac8b60cfded40b3e95eb.jpg
Tapis de sol repose pied avec logo de votre voiture,Neuf,Grand-Dakar,Dakar,15000,https://i.roamcdn.net/hz/ed/listing-thumb-224w/7884f07beeac41328467ca50f0aef5a0/-/horizon-files-prod/ed/picture/q787g6rz/8d2ecd5655f7460a0f677444d49eb5d07f19f050.jpg
"Casque, malette, antivol moto",Neuf,Castor,Dakar,1,https://i.roamcdn.net/hz/ed/listing-thumb-224w/56eeed05b824c19324b4da171e8d26a6/-/horizon-files-prod/ed/picture/qpd6nm9r/38702dd601fc445ee932797ec7989224294b2d23.jpg
Chaise Auto Sans dossier,Neuf,Hann maristes,Dakar,38000,https://i.roamcdn.net/hz/ed/listing-thumb-224w/2d43497034884f89eec7d98ecea305b3/-/horizon-files-prod/ed/picture/qwe2zzv5/2e38d202aac260cb2d5fee6cc04c71275a863e49.jpg
- Casque Haut de Gamme Shoei,Neuf,Hann maristes,Dakar,95000,https://i.roamcdn.net/hz/ed/listing-thumb-224w/68fdc1c10c50b6fdfc7ab0b0731b04f5/-/horizon-files-prod/ed/picture/qgq9pe02/5e48063bf5ec2d4eb79967ab1fe17c1915577599.jpg
bluetooth car mp3 player voitures oto vehicules,Neuf,Dieuppeul,Dakar,6000,https://i.roamcdn.net/hz/ed/listing-thumb-224w/3e25cf9974776245e512d7b949066330/-/horizon-files-prod/ed/picture/qv4m8028/9117e94849fa37f73c3155fd61e3c3b8d2f4409d.jpg
Polaris 2018,Venant,Patte d‚Äòoie,Dakar,400000,https://i.roamcdn.net/hz/ed/listing-thumb-224w/1fc4927ec3cc7a6ccc5f7459f02e6119/-/horizon-files-prod/ed/picture/q8v5n28p/39847b5f1cd46a8f8404211bd495c8bf47c89162.jpg
pompe √† air pour pneu,Neuf,Ouakam,Dakar,15000,https://i.roamcdn.net/hz/ed/listing-thumb-224w/9161da43f9b893d55e8a47f518f26c69/-/horizon-files-prod/ed/picture/qj4r27w5/e29bf1cb5c942cc602c128cb108dbe542bb4181f.png
Vente et montage Pare-brise auto,Neuf,Plateau,Dakar,40000,https://i.roamcdn.net/hz/ed/listing-thumb-224w/944e24cb4bb7597fb8512b5b3dfa2ae2/-/horizon-files-prod/ed/picture/q785pxnx/980c4b6af3ac82c539fc14979e775350b1db2681.jpg
Moteur autos venant canada USA,Venant,Thiaroye,Dakar,1,https://i.roamcdn.net/hz/ed/listing-thumb-224w/c044b37a808defb0dfb8ed4b7a48961f/-/horizon-files-prod/ed/picture/q7859mgn/2382fb3547c3aaa4e6fc57b9ca45c86aa866f63f.jpg
Ecran Retroviseur Tactile multim√©dia,Neuf,Hann maristes,Dakar,25000,https://i.roamcdn.net/hz/ed/listing-thumb-224w/ff9f6199210429ab65452cade2ab780f/-/horizon-files-prod/ed/picture/qj4r2w7d/0667465730522c81ff669e3b2c88ec8b3078f16d.jpg
"Programmation, relooking, configuration de cl√©s autos",Neuf,Patte d‚Äòoie,Dakar,10,https://i.roamcdn.net/hz/ed/listing-thumb-224w/fcb19e73e0e0e2e3e59a3cd15ad98c7d/-/horizon-files-prod/ed/picture/qx95v44/b1dd23936087228bf16a8fe50bbd89eac7e9cb0d.jpg
B√¢ches Auto,Neuf,Hann maristes,Dakar,25000,https://i.roamcdn.net/hz/ed/listing-thumb-224w/ad844944dee077be2d4aff1344a34b67/-/horizon-files-prod/ed/picture/q8v5gx9r/97adb1e8fa08012ba8e5a4ba80d2b819a01ee984.jpg
Radio √©cran digital,Neuf,Hann maristes,Dakar,149000,https://i.roamcdn.net/hz/ed/listing-thumb-224w/7843258f9e6ecbea7a36207b9624dfa5/-/horizon-files-prod/ed/picture/q2jj4k4g/53e698e7a403c89f75e570238659b9fa03ada210.jpg
CAMERA DE RECUL POUR STATIONNEMENT,Neuf,Hann maristes,Dakar,50000,https://i.roamcdn.net/hz/ed/listing-thumb-224w/5691b6d4927e78976e31f2958fd3840a/-/horizon-files-prod/ed/picture/q0gwnx8x/e24d2ec7fc8ef5fb55e3bc3a0aab952fde1ccd5a.jpg
Batterie auto,Neuf,Liberte 5,Dakar,35000,https://i.roamcdn.net/hz/ed/listing-thumb-224w/a56fcc646ad86c9eced505908620e77f/-/horizon-files-prod/ed/picture/q4e8z89/484b7c965249a8b8fad89af75c09e3bfda2d178c.jpg
Batterie Auto spirra,Neuf,Dieuppeul,Dakar,45000,https://i.roamcdn.net/hz/ed/listing-thumb-224w/bca56f7c53a1937985acbbf5a79f9d90/-/horizon-files-prod/ed/picture/q56xvzkn/871ee568eb70201fe27b3698bf9918a0df4f752a.jpg
Pneus Hankook 225/60R17 -,Neuf,Mermoz,Dakar,300000,https://i.roamcdn.net/hz/ed/listing-thumb-224w/5d94d13f3c620f08a0672d6378821da8/-/horizon-files-prod/ed/picture/qkrg85g2/46eeb9108bd6c912d4ccdd47ed98cc4d3eca2937.jpg
Lame de Fixation de Pare-Chocs,Neuf,Hann maristes,Dakar,30000,https://i.roamcdn.net/hz/ed/listing-thumb-224w/6e16c622fb6c6689fd2af9f236733000/-/horizon-files-prod/ed/picture/qxj2xkk8/296a1018e1703bbad6f00225dd4b21012b288101.jpg
R√©parations et vente d'injecteur de tous types,Neuf,Ouakam,Dakar,55000,https://i.roamcdn.net/hz/ed/listing-thumb-224w/679175d5f23acf056165d2d12ecef38c/-/horizon-files-prod/ed/picture/q56xr6p5/909ac2e8f6eb756212c9d765f8173499f3123a53.jpg
Ensemble Couvre Volant Et Bo√Æte Mouchoir,Neuf,Grand-Dakar,Dakar,22000,https://i.roamcdn.net/hz/ed/listing-thumb-224w/8ff3ef708c9592cb0e8cfde61c47a349/-/horizon-files-prod/ed/picture/q9epnp6/dc35e9b55195bbc5aab5f8985fa50aa23ee207c8.png
Bouchons de valves pneus lumineux,Neuf,Keur Massar,Dakar,5000,https://i.roamcdn.net/hz/ed/listing-thumb-224w/db7fa13263658a9963cfcd8543d9b3f8/-/horizon-files-prod/ed/picture/qqp7pz4/d30b58a3f119df4a96ad5c5dbc1b1d29f1b08662.jpg
Led d√©coration int√©rieure voiture Multicouleur,Neuf,Keur Massar,Dakar,49000,https://i.roamcdn.net/hz/ed/listing-thumb-224w/b88195103d66ce945e2467b338d7e44d/-/horizon-files-prod/ed/picture/q56xzvkg/7fa83baf583439b9aa55ed5675d62389bd79d6ec.jpg
Bande Led d√©coration int√©rieure voiture,Neuf,Keur Massar,Dakar,7000,https://i.roamcdn.net/hz/ed/listing-thumb-224w/137b87349bacb2539cae72880727b1ba/-/horizon-files-prod/ed/picture/q2jq5002/ada4173ed5524b6b5de432ea65beca2f085c1dd5.jpg
"GPS GF07, localisateur et Mini traceur",Neuf,M√©dina,Dakar,12500,https://i.roamcdn.net/hz/ed/listing-thumb-224w/6da98454e805a131f929d2e4f4ed19bb/-/horizon-files-prod/ed/picture/qv4exdep/4744ea6cd2048c5f9520fa4a5fdc9df7f5aec189.jpg
B√¢che auto sur mesure,Neuf,Pikine,Dakar,19000,https://i.roamcdn.net/hz/ed/listing-thumb-224w/2f751a0510b92cfd6317e2e5c7014176/-/horizon-files-prod/ed/picture/q9m8zv87/c376352e3b4fbcf2ee712a572fbd574d6bb18953.jpg
Batterie auto garantie 6mois,Neuf,Pikine,Dakar,42500,https://i.roamcdn.net/hz/ed/listing-thumb-224w/7c5f092b16136111116b9e9f3cbe52e4/-/horizon-files-prod/ed/picture/qxj66dew/defd3e015c0e4a2d4012a9eb83c62b60be14d7ea.jpg
Casque modulable toutes options,Neuf,Pikine,Dakar,25000,https://i.roamcdn.net/hz/ed/listing-thumb-224w/386efddf9d797463c6f292a02733a297/-/horizon-files-prod/ed/picture/q2jq50rj/8d57be5e19834b20a14c4b0850c445aac8bda307.jpg
Pare brise et batterie auto,Neuf,Ouest foire,Dakar,1,https://i.roamcdn.net/hz/ed/listing-thumb-224w/8242efd6226bb1a6d0107ef8e2be0c3b/-/horizon-files-prod/ed/picture/q7850qkz/503c6dcd7648eeb7e82d6536ef01abca0ed07e71.jpg
Casque modulable,Neuf,Pikine,Dakar,27000,https://i.roamcdn.net/hz/ed/listing-thumb-224w/2f2c6ebbd5e9e5a5195b00b4ec88f1d6/-/horizon-files-prod/ed/picture/qkne9pj/de5ab4a1b9f437d013bb2190d15810c79ba71fe2.jpg
B√¢che moto,Neuf,Pikine,Dakar,9900,https://i.roamcdn.net/hz/ed/listing-thumb-224w/8330520a12a2cf943edb5842f95d36cd/-/horizon-files-prod/ed/picture/migrated/qd992m8/64c20ac1f6ac0334be78ab04656634ce8a00eb71.jpg
Pneu,D'occasion,VDN,Dakar,30000,https://i.roamcdn.net/hz/ed/listing-thumb-224w/3aa80eccc0067703b0d443fea9744c67/-/horizon-files-prod/ed/picture/q49jeqr/eabd081809e2cbd1957eee968057911d8f9804a5.jpg
Batterie automobile 12v 75Ah 100Ah,Neuf,M√©dina,Dakar,39900,https://i.roamcdn.net/hz/ed/listing-thumb-224w/04ba41a6ebc01d9e186c63308dd57f59/-/horizon-files-prod/ed/picture/q566x5j5/1e4765471e91bc27e8f13be3d193ce06b4786954.jpg
Gyrophare Led Flash,Neuf,Hann maristes,Dakar,30000,https://i.roamcdn.net/hz/ed/listing-thumb-224w/e18dc6e4dbe87afda88ce52ea1af21bb/-/horizon-files-prod/ed/picture/qwe2wxrp/55b46059646f0872a73403202693b69594b15363.jpg
PI√àCES D√âTACH√âES MOTOS ET SCOOTERS NEUFS,Neuf,Biscuiterie,Dakar,1,https://i.roamcdn.net/hz/ed/listing-thumb-224w/41959ee87a33c69664b19d5c49c5792c/-/horizon-files-prod/ed/picture/qq4760ev/c71347a9f3e90de9e46206eee81405db795732f6.jpg
PIECES D√âTACH√âES MOTOS & SCOOTERS,Neuf,Biscuiterie,Dakar,1,https://i.roamcdn.net/hz/ed/listing-thumb-224w/42e8723ef4fd8c2146ee72a6c42a06b1/-/horizon-files-prod/ed/picture/q0gwdrj8/0955895fc87231deecc963fae73fbfa776588427.jpg
PI√àCES D√âTACH√âES MOTOS,Neuf,Biscuiterie,Dakar,1,https://i.roamcdn.net/hz/ed/listing-thumb-224w/acbeb7958a6939f3345a334cf9199501/-/horizon-files-prod/ed/picture/qv4ez86g/c24cb369055b36342d825f8d7bf637f2b1ad1ddc.jpg
Bouilloire auto,Neuf,Sicap Sacr√©-c≈ìur,Dakar,6000,https://i.roamcdn.net/hz/ed/listing-thumb-224w/94b1093635b1a698948fd124062f92c2/-/horizon-files-prod/ed/picture/qxj2qv9q/51231ef78300028d047ba3b79a2ad39cc2f12e74.jpg
Pompe √† air,Neuf,Guediawaye,Dakar,15000,https://i.roamcdn.net/hz/ed/listing-thumb-224w/94b392b42266a4c9232cd3e73a771d34/-/horizon-files-prod/ed/picture/q0g2k8vz/07eb683695df34e884a0b1e89a2dee9ba4270d21.jpg
"Gonfleur de Pneu, Compresseur d'air, Connecteur de Valve",Neuf,Castor,Dakar,18000,https://i.roamcdn.net/hz/ed/listing-thumb-224w/95b7d2698b06d08a73ce655f6e07ffba/-/horizon-files-prod/ed/picture/q0gwd60x/c0ed032dc2af675ff85490a5733936f9b3bcc695.jpg
LED Signal phares,Neuf,Hann maristes,Dakar,55000,https://i.roamcdn.net/hz/ed/listing-thumb-224w/bb5f1ea5ed439ef5bfd032d895ff7c2d/-/horizon-files-prod/ed/picture/q8vv20p9/c185b6fb6d465db094a85a12bde8fe457b949f90.jpg
Pare brise,Neuf,Ouest foire,Dakar,59990,https://i.roamcdn.net/hz/ed/listing-thumb-224w/61ab1349481faf504e01346b844e68eb/-/horizon-files-prod/ed/picture/qv4ekqrk/47eb504841479de6dd26413ee74fefcaf52649e1.jpg
Battery,Neuf,Ouest foire,Dakar,45000,https://i.roamcdn.net/hz/ed/listing-thumb-224w/0c46941a7bb6c1588522634fcf97c8a0/-/horizon-files-prod/ed/picture/q0gwd0zm/fe06c214ab6befd70c018908d895fdb185367933.jpg
√âcrans Radio Android,Neuf,Hann maristes,Dakar,145000,https://i.roamcdn.net/hz/ed/listing-thumb-224w/e0e7695f7be1830edd2107f07298ca0d/-/horizon-files-prod/ed/picture/qngxwnjz/97962eb70d08f44aa6c9eac0c0e15647e492b3f6.jpg
CASQUE MOTO,Neuf,Guediawaye,Dakar,30000,https://i.roamcdn.net/hz/ed/listing-thumb-224w/2fe46f2a85e9d134067fa5e48094b480/-/horizon-files-prod/ed/picture/qzvdx5zk/767db16bfba5ab820f67ea86cef8111e5becf546.jpg
Batterie auto,Neuf,M√©dina,Dakar,45000,https://i.roamcdn.net/hz/ed/listing-thumb-224w/ba9bfd431b820cb3a6931aa5b521466f/-/horizon-files-prod/ed/picture/qngxwnxr/690046893c4318535bf6954100e52793a8ba6f4a.jpg
PARE-BRISE de toutes les marques,Neuf,M√©dina,Dakar,60000,https://i.roamcdn.net/hz/ed/listing-thumb-224w/4dd557ffddf133dff01d693248618c65/-/horizon-files-prod/ed/picture/qrzv60qn/a1a8bb6bfb804198ddf5d2f5a1165288546c8984.jpg
"Intercom Bluetooth pour casque de Motos, Ecoute la musique",Neuf,Hann maristes,Dakar,45000,https://i.roamcdn.net/hz/ed/listing-thumb-224w/052c6ba2c477bf3f95ed958b17520226/or%3D0/horizon-files-prod/ed/picture/q56xgzkr/1e30c7a27fcebb1dd0f64af4d24265d002e68f92.png
FEUX ANTIBROUILLARD VOITURES,Neuf,Hann maristes,Dakar,35000,https://i.roamcdn.net/hz/ed/listing-thumb-224w/0778594d9b834c4348ac3410e7d436a4/-/horizon-files-prod/ed/picture/qdewk0g8/a0d5050a513d1152dc2b7be5f77621a3bac55ae2.jpg
Siege Evolutif auto pour b√©b√©,Neuf,Hann maristes,Dakar,65000,https://i.roamcdn.net/hz/ed/listing-thumb-224w/3cf061ce42a23e8f8b6a901be90185de/-/horizon-files-prod/ed/picture/qv4edkvw/d2252b6adce22c9db5d1869a902ddda4bcd48954.jpg
launch x431 pro v 5.0 nouvelle version 2023,Neuf,Yoff,Dakar,800000,https://i.roamcdn.net/hz/ed/listing-thumb-224w/c013a006cbee80fa67fbf09f53109441/-/horizon-files-prod/ed/picture/qxj2qwk2/d5fef871f0094a79de360d45f0974334d057857b.jpg
Radio √©cran digital automobile syst√®me Android,Neuf,Hann maristes,Dakar,145000,https://i.roamcdn.net/hz/ed/listing-thumb-224w/38d5e9939f40ff8d1565e9c1db6b03a7/-/horizon-files-prod/ed/picture/q7882g6x/803e090daa884d18af4bf2b0e42d8030458d19e8.jpg
BANDE DE LUMI√àRES DECORATIVE POUR VOITURE,Neuf,Hann maristes,Dakar,25000,https://i.roamcdn.net/hz/ed/listing-thumb-224w/a6066a2c4a6d8b03f5ad77e1eca9861e/-/horizon-files-prod/ed/picture/q0g2n5km/cac23acc07cdfdab72b9f520674a869800fd81df.jpg
R√©troviseurs avec Cam√©ra avant et arri√®re,Neuf,Hann maristes,Dakar,35000,https://i.roamcdn.net/hz/ed/listing-thumb-224w/a3224657449ff5059e17726ccd9bd7bc/-/horizon-files-prod/ed/picture/q9mm677p/3024278522e44be4856832e8cb8553fe85a85383.jpg
Repose t√™te avec moniteur universel pour si√®ge arri√®re,Neuf,Hann maristes,Dakar,80000,https://i.roamcdn.net/hz/ed/listing-thumb-224w/3ec84b02fbbdd50e8cfa568efa3c16cc/-/horizon-files-prod/ed/picture/qwee4nrm/394eb326de9289420ea38aefa879994d49049a99.jpg
pompe de gonflage pneus,Neuf,Point-e,Dakar,35000,https://i.roamcdn.net/hz/ed/listing-thumb-224w/7be4ec2fbb54f3d5da742d21113f4f88/-/horizon-files-prod/ed/picture/qpd6800r/ab7de9de58c294e0cd894c2d712e7f9944bc4495.png
Chargeur Sans Fil auto multifonction,Neuf,Point-e,Dakar,20000,https://i.roamcdn.net/hz/ed/listing-thumb-224w/4ca566e1fd141b09005c421743a0e456/-/horizon-files-prod/ed/picture/q9m9gknp/bc4ea55d148a13374da26f24caa2910605f6287c.png
RADIO √âCRAN ANDROID,Neuf,Plateau,Dakar,145000,https://i.roamcdn.net/hz/ed/listing-thumb-224w/1d55271cb9ce63463674dda6a3e8ace0/-/horizon-files-prod/ed/picture/q448p5d2/439862f9fa679626add09914d62eeec11fa7e75b.jpg
RADIOS √âCRANS ANDROID,Neuf,Plateau,Dakar,145000,https://i.roamcdn.net/hz/ed/listing-thumb-224w/ff945cee3228eae5ee5470d88a4b7c77/-/horizon-files-prod/ed/picture/qv4ezdpg/e3aeeb98c522944064a6f81093d9dbf5bf55808c.jpg
Led Ampoules Phare,Neuf,Hann maristes,Dakar,25000,https://i.roamcdn.net/hz/ed/listing-thumb-224w/2eb55103b18eaa9da8b0dd05c137796c/-/horizon-files-prod/ed/picture/qq44mzj6/141b9da272535ff643980a8f77d454bc6681b36b.jpg
Subwoofer Auto,Neuf,Hann maristes,Dakar,95000,https://i.roamcdn.net/hz/ed/listing-thumb-224w/70517ebf1c7f0bce141ce91507fe6b91/-/horizon-files-prod/ed/picture/qennje62/316d40672db375240c60e0745d37881d5f12cf0c.jpg
B√¢che Automobile,Neuf,Hann maristes,Dakar,28000,https://i.roamcdn.net/hz/ed/listing-thumb-224w/b0f8886dc5a0a2712902af0325148a28/-/horizon-files-prod/ed/picture/q2jj2zk6/7b00ba2782290a7ae3600665ce426b59d1640075.jpg
Housse auto,Neuf,M√©dina,Dakar,75000,https://i.roamcdn.net/hz/ed/listing-thumb-224w/7fa74c7c7d124f3f219ead400a4aa80f/-/horizon-files-prod/ed/picture/qzvdxp0v/d6dec34cbb094264ff6c18106e58071e67a003b6.jpg
Radio ecran,Neuf,M√©dina,Dakar,150000,https://i.roamcdn.net/hz/ed/listing-thumb-224w/22a0effacade754c8761ed08a1ce1f05/-/horizon-files-prod/ed/picture/qwe2wpxk/074edf45bc54292fedc4794d023e8b6eedaecfdc.jpg
GPS + option arr√™t moteur,Neuf,Ouakam,Dakar,25000,https://i.roamcdn.net/hz/ed/listing-thumb-224w/42fe27463f75aefa367b77d8ab7edd42/-/horizon-files-prod/ed/picture/migrated/q455zmv/5b7511f788f9bc8c647b92ff98d1e1d477cf422b.jpg
Batteries auto,Neuf,Liberte 5,Dakar,35000,https://i.roamcdn.net/hz/ed/listing-thumb-224w/444773512f2801529371c8e3fb57d824/-/horizon-files-prod/ed/picture/qxvzn44/f90289ae90b90ec9d651c9e288c1ea81d0b0fb10.jpg
LED LUMI√àRE POUR VOITURES,Neuf,Hann maristes,Dakar,35000,https://i.roamcdn.net/hz/ed/listing-thumb-224w/ffb04d9eaef230bafba0ac124fd4f643/-/horizon-files-prod/ed/picture/qj4j5zqd/e3017e7f0c463cbe08a713d9a53b25df8c0e28a1.jpg
apareil diagnostic toute marque de voiture v 309,Neuf,Yoff,Dakar,25000,https://i.roamcdn.net/hz/ed/listing-thumb-224w/ee942d335628833c42dd7bf6edf47eb7/-/horizon-files-prod/ed/picture/q0gw9mkz/ea9c835618a0ae86c37407bb560d444a0c9b004e.jpg
cles autel universel pour toute voiture,Neuf,Yoff,Dakar,20000,https://i.roamcdn.net/hz/ed/listing-thumb-224w/5a1e85001fff5e8a5411d740029ecba1/-/horizon-files-prod/ed/picture/qq4d09x6/8a38badf87a899e63a55d9c8784ecdb790e8dc8f.jpg
Diag box sp√©cialis√©e Peugeot et Citro√´n,Neuf,Yoff,Dakar,80000,https://i.roamcdn.net/hz/ed/listing-thumb-224w/60499911bc5ea118faa8a5ae5ae652ab/-/horizon-files-prod/ed/picture/q8d279r/4d063ef2c5f9461ec2f3c442a2efff84fd2798d7.jpg
autel mk 808 S 2023 diagnostic voiture toute marque,Neuf,Yoff,Dakar,450000,https://i.roamcdn.net/hz/ed/listing-thumb-224w/ad23ffb51d8f2358e4d061863d1f6092/-/horizon-files-prod/ed/picture/q8vzrek9/f07da7290ac9445fe12880c464498df054e14164.jpg
Xtool 100 pad full,Neuf,Yoff,Dakar,380000,https://i.roamcdn.net/hz/ed/listing-thumb-224w/d4310765578b6b0b7a947625727e6d52/-/horizon-files-prod/ed/picture/q4geg5v/05db653fb57b9906fb1728ff655f6e04da96e538.jpg
launch tablette 123 x,Neuf,Yoff,Dakar,175000,https://i.roamcdn.net/hz/ed/listing-thumb-224w/509db5eb533aadb939598ab8005a7bb5/-/horizon-files-prod/ed/picture/qx7km70/e291c99249c85aed933e36f151408cb3a1fd531a.jpg
Launch x 431 Pro V 2022,Neuf,Yoff,Dakar,800000,https://i.roamcdn.net/hz/ed/listing-thumb-224w/d66c7c8701b71a0fe52970e52c574908/or%3D0/horizon-files-prod/ed/picture/qjgkqm8/cbcba59eea2ad7510aef9ac8657e7af26267e9da.jpg
thinkdiag full marque et full fonction,Neuf,Ngor,Dakar,85000,https://i.roamcdn.net/hz/ed/listing-thumb-224w/6f29e2fa959814a6199b234861d97260/-/horizon-files-prod/ed/picture/q49nk7m/3f9c3c00e18eafd5ef10d3982df48860ab6c522f.jpg
launch x431 crp 909,Neuf,Yoff,Dakar,380000,https://i.roamcdn.net/hz/ed/listing-thumb-224w/826def48af95f9c661ed9118b1ed7856/-/horizon-files-prod/ed/picture/q04qjp8/264321dceaf7e5d4279991f67eec720876ac3d9c.jpg
"programmateurs de calculateur kess ,katag",Neuf,Yoff,Dakar,100000,https://i.roamcdn.net/hz/ed/listing-thumb-224w/50af0420dd1397fc10fd3b742e8afc5f/-/horizon-files-prod/ed/picture/qm90v0r/33b1d499b7f8ee62ce7ba0a5f068336999c32acc.jpg
Autel KM 100 . 2022 g√©n√©rateur cles universel,Neuf,Yoff,Dakar,480000,https://i.roamcdn.net/hz/ed/listing-thumb-224w/f54f0574da632802d4c847a5d0740782/-/horizon-files-prod/ed/picture/q0rpz48/7058457d7a210558af93af1ac1f206a9559e0890.jpg
autocom nouvelles versions 2021.23 voiture et camion,Neuf,Yoff,Dakar,75000,https://i.roamcdn.net/hz/ed/listing-thumb-224w/9bc60e2435ac02b15fa5ebd0cabc534b/-/horizon-files-prod/ed/picture/qrzv6rn5/812b63c34d35bb51498898e5361718c63cffa38c.jpg
Cr√©maill√®re de voitures americaines,Venant,Keur ndiaye l√¥,Dakar,150000,https://i.roamcdn.net/hz/ed/listing-thumb-224w/e34acc2cfb8cef398dbb485a022b6308/-/horizon-files-prod/ed/picture/qzvdj7pq/6daa4f152badbdde645e1fb2e8d804f045d7b75b.jpg
Pare-brise et batterie auto,Neuf,M√©dina,Dakar,75000,https://i.roamcdn.net/hz/ed/listing-thumb-224w/a9c5425e7fe5a1b4e527f253d81211a2/-/horizon-files-prod/ed/picture/q2jq8nng/5d6e0dfb51d1fc4659dbb226e83b9399996657f4.jpg
Pi√®ces Nissan Juke 2012,Venant,Sud foire,Dakar,1,https://i.roamcdn.net/hz/ed/listing-thumb-224w/8c14c539b774754293d3a63e7dca30dd/-/horizon-files-prod/ed/picture/q8v596w4/9d4ea78497d2bd2092109f9ac9c0c96f05aa9462.jpg
Parfums pour voiture,Neuf,M√©dina,Dakar,1500,https://i.roamcdn.net/hz/ed/listing-thumb-224w/7a5a486a805c788428f0755e1fbb69cd/or%3D270/horizon-files-prod/ed/picture/qj4rx98r/ac781b0c1c1c96b0ec46bcc65800dbceab4ed2e0.jpg
Batterie auto,Neuf,Plateau,Dakar,75000,https://i.roamcdn.net/hz/ed/listing-thumb-224w/65c5d5ad9e2311a82f0e101ea62e7112/-/horizon-files-prod/ed/picture/q44867mp/c17c906a34964fd4232ff196af88030528b176f1.jpg
Housse de Volant en Strass,Neuf,Grand-Dakar,Dakar,7500,https://i.roamcdn.net/hz/ed/listing-thumb-224w/de417d962641ed6f9ce11fd32d89f85e/-/horizon-files-prod/ed/picture/q2jjdnw6/7c075452a1bac790670fd59d8f65b92de4458b0a.jpg
HABIB AUTO SERVICES,Neuf,Patte d‚Äòoie,Dakar,1,https://i.roamcdn.net/hz/ed/listing-thumb-224w/4d1bc1e0729941960f04d5e6cdcfaefe/-/horizon-files-prod/ed/picture/qwe2gj00/11ba14b90106084bc398aef9434ae74c85becafe.jpg
BOOSTER DE BATTERIE,Neuf,Mbour,Thi√®s,100000,https://i.roamcdn.net/hz/ed/listing-thumb-224w/ed699fbfc0eab2003b84df2bcf006632/-/horizon-files-prod/ed/picture/qq475k8v/8bec7d7a3fb923bf9b9436ceed5231aa97e4d515.jpg
Pare brise,Neuf,Ouest foire,Dakar,59990,https://i.roamcdn.net/hz/ed/listing-thumb-224w/30151d73f059755ca2cfd216dd9fcfe5/-/horizon-files-prod/ed/picture/qrzvj4x5/f60f90d5d94136d321f784e82c7034004eb99bae.jpg
Gps de surveillance de voiture/moto,Neuf,Hann Bel-Air,Dakar,22500,https://i.roamcdn.net/hz/ed/listing-thumb-224w/bc04f3200864dd47b9ea291feb17e49d/-/horizon-files-prod/ed/picture/qxz9qdz/e12a77b7b3584e473e6f71b74250df2749f90315.jpg
Vente calandre et tableau de bord,Neuf,Biscuiterie,Dakar,1,https://i.roamcdn.net/hz/ed/listing-thumb-224w/85354800be47e9b766616e28d2dbeba7/-/horizon-files-prod/ed/picture/qj4rxw68/96c591e3ffa0d51bde2b89a77aba4032cbf4c98f.jpg
BOOSTER DE BATTERIE,Neuf,Mbour,Thi√®s,100000,https://i.roamcdn.net/hz/ed/listing-thumb-224w/05b328b82a7ea7a298fc5674ff3b0b26/-/horizon-files-prod/ed/picture/qq475gnj/30b69da337d99b46a3cc3b52a2a695af4eee9196.jpg
Pieces de rechange auo,Neuf,Golf,Dakar,5000,https://i.roamcdn.net/hz/ed/listing-thumb-224w/c32043a8e441e84f091899dac9acb8d7/-/horizon-files-prod/ed/picture/q6xkv5wp/d90f5b6be50f5c6e071219232073929743975cb1.png
D√©calaminage moteur automobile,D'occasion,Sicap baobab,Dakar,20000,https://i.roamcdn.net/hz/ed/listing-thumb-224w/697d96199c39ef1cc1fa6f4b4a3d6064/-/horizon-files-prod/ed/picture/q4zx27v/3c9afbbde2b35c63ad9b9722a93fc9c3958f9c77.jpg
√âcrans Radio Android,Neuf,Plateau,Dakar,1,https://i.roamcdn.net/hz/ed/listing-thumb-224w/73fca0fe5b56d1ad92bfda8514dd37d6/-/horizon-files-prod/ed/picture/qwe2kr9p/2975400531fb81dbe8a2e5f2c769a665bcb10881.jpg
RADIO √âCRAN TACTILE,Neuf,Plateau,Dakar,1,https://i.roamcdn.net/hz/ed/listing-thumb-224w/ec6ebc6787a973a64786ecb974053915/-/horizon-files-prod/ed/picture/q8v59mxp/23d43969a41ac74ec91a13ee452dbe1ee9ffe46a.jpg
Vante,Neuf,M√©dina,Dakar,75000,https://i.roamcdn.net/hz/ed/listing-thumb-224w/e27d962df0a2b7c2c14a33ae63ec750d/-/horizon-files-prod/ed/picture/qrzv6krx/c40af24e152f27cc362976e07cd328e8e6aa3dc4.jpg
Batterie de voiture 75ah neuve,Neuf,Plateau,Dakar,38000,https://i.roamcdn.net/hz/ed/listing-thumb-224w/55c22ca9ace97c04d9705ecea09f840d/-/horizon-files-prod/ed/picture/q56xz4nx/5a6eb8816d25df58626f2188d5d01c8e05e53395.jpg
Radio auto tactile avec cam√©ra.,Neuf,M√©dina,Dakar,170000,https://i.roamcdn.net/hz/ed/listing-thumb-224w/5b839cbbff9e758bd536f99ee834f844/-/horizon-files-prod/ed/picture/q0gw92n8/2fdfbefa8ab26f59bde9d99fa93cd97104949dc7.jpg
Radio auto √©cran tactile avec cam√©ra de recul.,Neuf,M√©dina,Dakar,170000,https://i.roamcdn.net/hz/ed/listing-thumb-224w/6c5c4c321b5dba8794e14253bc2bfcf4/-/horizon-files-prod/ed/picture/qv4ekpgg/8834c365985cc9003ee776d4e1d1d17a9593c6e3.jpg
B√¢che auto,Neuf,M√©dina,Dakar,27000,https://i.roamcdn.net/hz/ed/listing-thumb-224w/797e9f89cdcd4b2c39d7dbf565424958/-/horizon-files-prod/ed/picture/qzvdj4zd/babe0e04c4731d8a74bb0e0ca367009a7ebc7e66.jpg
Housse auto avant et arri√®re,Neuf,M√©dina,Dakar,75000,https://i.roamcdn.net/hz/ed/listing-thumb-224w/6dd2813bce82d6cbc32c4a5905eb7fe0/-/horizon-files-prod/ed/picture/qdek2w0r/84415fdc913a2837cf4d9df09e1679c5a9db306a.jpg
Housse auto en cuir complet.,Neuf,M√©dina,Dakar,75000,https://i.roamcdn.net/hz/ed/listing-thumb-224w/262a590f4c234ca8f89c18b19c16ae28/-/horizon-files-prod/ed/picture/qgq9dgme/16ca68a710458e3b9d58501c222b499cd6ef1a1a.jpg
D√©sodorisants auto - Exotica,Neuf,Colobane,Dakar,2500,https://i.roamcdn.net/hz/ed/listing-thumb-224w/ef3f45c85be66b62cb6024fc89ad36de/-/horizon-files-prod/ed/picture/qgqge56q/e68515d7feb71510e1151faea85912ce914faa44.jpg
Veste protection motard,Neuf,Castor,Dakar,39000,https://i.roamcdn.net/hz/ed/listing-thumb-224w/649edfbea13e28ae97e31e1aac23bc0e/-/horizon-files-prod/ed/picture/qv4e4jpx/3f8b0d0b3260befe25c97174ed65fd78377dfdc3.jpg
Antivols motos,Neuf,Castor,Dakar,8500,https://i.roamcdn.net/hz/ed/listing-thumb-224w/697afb4453a1aac60b45a93c4aaa7ac7/-/horizon-files-prod/ed/picture/qxj26ejw/d323729f28d961422bd8aa88cee1a3cd9b763881.jpg
Malette moto et scooter,Neuf,Castor,Dakar,19500,https://i.roamcdn.net/hz/ed/listing-thumb-224w/74c308f5fb2203485b88ae679e993aa1/-/horizon-files-prod/ed/picture/q9m9jqqw/09692c110a8ca199e26983de37a9e75d556d3a45.jpg
Moteur tricycle 200,Neuf,Castor,Dakar,235000,https://i.roamcdn.net/hz/ed/listing-thumb-224w/e572c7ddf512d45ff9fe4f41ef045c4c/-/horizon-files-prod/ed/picture/qwe2ppvp/f45e49d79f7921442a23acf9e7c4781b6bafd0dd.jpg
Pi√®ces et √©quipements motos,Neuf,Castor,Dakar,1,https://i.roamcdn.net/hz/ed/listing-thumb-224w/68d902bf6e61dee70b361e658be88f8e/-/horizon-files-prod/ed/picture/q9m95dx5/1dff48ced36e62202290545ad470da78a88f6b8c.jpg
GPS MOTO OU VOITURE,Neuf,Sicap foire,Dakar,25000,https://i.roamcdn.net/hz/ed/listing-thumb-224w/b9bb8c058d5eb282689a2767a512d812/-/horizon-files-prod/ed/picture/q0gw866m/b135b20ce108901df6b5fc7cddcfc128ed2a106b.png
Karcher,Neuf,Hann maristes,Dakar,100000,https://i.roamcdn.net/hz/ed/listing-thumb-224w/8b88cddb546b701b07646354adea8f6e/-/horizon-files-prod/ed/picture/qmeenmd/6026ac72e8f7fa3fd01dc6093c46edc7308de482.jpg
Si√®ge auto pour B√©b√© haut de gamme,Neuf,Hann maristes,Dakar,65000,https://i.roamcdn.net/hz/ed/listing-thumb-224w/1c3427b3094e63897903d66f999bc039/-/horizon-files-prod/ed/picture/qenqdqkk/6d801b7d3ff40ee5a38257144e290c94be712974.jpg
Vante,Neuf,M√©dina,Dakar,60000,https://i.roamcdn.net/hz/ed/listing-thumb-224w/1d2cbdde4ec4b0e2556292863b42d813/-/horizon-files-prod/ed/picture/q448rqq4/03a7d0bbf8a0bad738d200b7bde0c97d4b88e20c.jpg
Housses de si√®ge voiture,Neuf,Grand-Dakar,Dakar,60000,https://i.roamcdn.net/hz/ed/listing-thumb-224w/be4689c67324fb6e438922cf3b628a85/-/horizon-files-prod/ed/picture/qdeej028/04826ca78a32c4a30f92aa6eb545609897dde919.png
Tapis standard 5 pieces pour voiture,Neuf,Grand-Dakar,Dakar,11000,https://i.roamcdn.net/hz/ed/listing-thumb-224w/24028a0f3ffbbcf5750c22a605d97187/-/horizon-files-prod/ed/picture/qgvx460/8283729cb95bac41e2fe40143027291ef41abca2.jpg
PNEUS POUR VOITURES en vente,Venant,Avenue Bourguiba,Dakar,90000,https://i.roamcdn.net/hz/ed/listing-thumb-224w/1599f7bb7cf91716007d878f2ce618b3/or%3D180/horizon-files-prod/ed/picture/q8v5kv6r/17be26b7f031da54a609adb0a2dd91785cb6f66c.jpg
Casque haut de Gamme Modulable en Fibre de verre,Neuf,Hann maristes,Dakar,165000,https://i.roamcdn.net/hz/ed/listing-thumb-224w/1f3633eb0b6942dc2a0daba8912d6741/-/horizon-files-prod/ed/picture/q0gwk9vk/5a34e0ea04179c31cc8bc6432380ccaaeea48681.jpg
Karcher-Nettoyeur Haute Pression,Neuf,Hann maristes,Dakar,110000,https://i.roamcdn.net/hz/ed/listing-thumb-224w/82c3d83c7da1a382de6b8f1b510a0736/-/horizon-files-prod/ed/picture/q566ked6/553784a243f777e9da382484bf1283edc3df4942.jpg
Tapis de voiture GoodYear (4 pi√®ces),Neuf,Plateau,Dakar,60000,https://i.roamcdn.net/hz/ed/listing-thumb-224w/31f378c9c7cddbe7a12053b2efdd4c04/-/horizon-files-prod/ed/picture/qkrg6pxw/dbe2adcf51c43543814655a7d72c7a04201946b1.png
Starpneu,Neuf,Yoff,Dakar,1,https://i.roamcdn.net/hz/ed/listing-thumb-224w/4147ae9cadbac7c456881b8b6a48d281/-/horizon-files-prod/ed/picture/migrated/qvg0545/67ac1637dd04fdb53c4dc15a1b952cdff34e550e.jpg
RADIO √âCRAN,Neuf,Plateau,Dakar,140000,https://i.roamcdn.net/hz/ed/listing-thumb-224w/9e037505ff2466f31ffbd783c76c102a/-/horizon-files-prod/ed/picture/qnggrxnv/b222ec07a9a800eb579e0bf34655d7ab8de74df7.jpg
launch creader 3008 mise √† jour gratuite,Neuf,Yoff,Dakar,60000,https://i.roamcdn.net/hz/ed/listing-thumb-224w/06237154ef18fe38e75f6116b906de88/-/horizon-files-prod/ed/picture/qm5r27qr/0ee45d3312c81239195bee31ec3ecc44ed2bab01.jpg
Aspirateur pour voiture,Neuf,M√©dina,Dakar,12000,https://i.roamcdn.net/hz/ed/listing-thumb-224w/90f158aa32951bc484decf803ef01cd3/-/horizon-files-prod/ed/picture/qrzvvj8n/ef96fcbcc232b39564f2ae613d96e98b5cde6155.jpg
PARE-BRISE ET VERRE PORTE,Neuf,M√©dina,Dakar,40000,https://i.roamcdn.net/hz/ed/listing-thumb-224w/4860607bb1e7d0105fba94c56feba739/-/horizon-files-prod/ed/picture/qngdr50r/f465d9a72463e51dd50b7ca5f2e681cc0ba4b631.jpg
Pare-Chocs,Neuf,Hann maristes,Dakar,35000,https://i.roamcdn.net/hz/ed/listing-thumb-224w/b52626a849c1f1e80cbddf37ed6d9a46/-/horizon-files-prod/ed/picture/q2jr0kne/06383f7faebb32e20d65e26d74e3adffd037beca.jpg
Gyrophare Led,Neuf,Hann maristes,Dakar,40000,https://i.roamcdn.net/hz/ed/listing-thumb-224w/4d7c5a2bb8cb1871b34755129b333155/-/horizon-files-prod/ed/picture/qpddqvv2/c78a4016f97d5800b86c4f53f2876d51b32b7852.jpg
Generic chargeur automatique De Batterie de voiture 220V 12V,Neuf,Ouakam,Dakar,35000,https://i.roamcdn.net/hz/ed/listing-thumb-224w/d0f3415da374989fa334dccddc86d82a/-/horizon-files-prod/ed/picture/qq47w45v/a346cea2719a0da8d3b565aaff9c6b9ed30c228b.jpg
Filtre aire,Neuf,Pikine,Dakar,1,https://i.roamcdn.net/hz/ed/listing-thumb-224w/01a4fccf1b17461f253c3fcfe8f4db6f/-/horizon-files-prod/ed/picture/qrzvngw2/010ab3c33b1d0e4e21199e21f89010e82158a2d1.jpg
Remplacement et r√©paration pare-brise,Neuf,Liberte 6,Dakar,1,https://i.roamcdn.net/hz/ed/listing-thumb-224w/00456e25795c3355538ab889aa94fd21/-/horizon-files-prod/ed/picture/q6xknge8/8020988de74f8d4e857c1982264a2fbb8e0ebb96.jpg
Porte √† cl√© Aluminium,Neuf,Hann maristes,Dakar,10000,https://i.roamcdn.net/hz/ed/listing-thumb-224w/33edb123ccb7949f3807220cb451e284/-/horizon-files-prod/ed/picture/qxj2g5qz/6f3b8b532c2ba2bdfc90214bb56ba25f0dda1a0a.jpg
TRACKER GPS,Neuf,Grand-Yoff,Dakar,40000,https://i.roamcdn.net/hz/ed/listing-thumb-224w/2904a532a430a590546477cf06ee4854/-/horizon-files-prod/ed/picture/migrated/qvgqj62/e22337a5b1197aac0960a05276404a39afe0725d.jpg
Moteur et transmission mitsubishi rvr,Venant,Hann maristes,Dakar,1234,https://i.roamcdn.net/hz/ed/listing-thumb-224w/b083b523264a419c137591f8c0378526/-/horizon-files-prod/ed/picture/q8v5p659/5afbe502d61437fb7ce7d4c3e0072ae5e944794e.jpg
Batterie de voiture 75ah neuve,Neuf,Plateau,Dakar,37000,https://i.roamcdn.net/hz/ed/listing-thumb-224w/a6ebbf38841deb3d6a39831257b7fb3c/-/horizon-files-prod/ed/picture/qwe2rd45/c790443ef12d5555543e8b17346223cdd6390e41.jpg
Filtre √† Air,Neuf,Liberte 6,Dakar,17500,https://i.roamcdn.net/hz/ed/listing-thumb-224w/8c57130cc69f32c6adb346e809fd6803/-/horizon-files-prod/ed/picture/qngx7j9g/85bdb74cfba3295c080a8e03a7eb84daecc87535.jpg
D√©sodorisants auto Gota a gota,Neuf,Colobane,Dakar,2500,https://i.roamcdn.net/hz/ed/listing-thumb-224w/a99955d5d40c3749a0ea4470c14e8ce7/-/horizon-files-prod/ed/picture/q9m8q0vx/bd8e422b1f36c5aaf96202f0e85381cde1cb5d56.jpg
KINGBOLEN Ediag Plus,Neuf,Guediawaye,Dakar,175000,https://i.roamcdn.net/hz/ed/listing-thumb-224w/e224b487636b0f7ccbf91f8c708093ec/-/horizon-files-prod/ed/picture/qweeqd4m/5e7838cbdfc87f3d1699351ff779479dcfa01965.jpg
Batterie auto,Neuf,M√©dina,Dakar,50000,https://i.roamcdn.net/hz/ed/listing-thumb-224w/93710e7ed2cf32d6b645fd34853b8774/-/horizon-files-prod/ed/picture/qngx7kn9/1e5c3ea0dc8ea03bd936b7e2318001d66102c649.jpg
Habib auto services,Neuf,Patte d‚Äòoie,Dakar,1,https://i.roamcdn.net/hz/ed/listing-thumb-224w/eed36d3e2d3c3d64eb1732389d56f497/-/horizon-files-prod/ed/picture/q2jr0kxg/6d70ae3890b9bb9e8141bd62ec841386209602fb.jpg
RADIATEUR,Neuf,M√©dina,Dakar,60000,https://i.roamcdn.net/hz/ed/listing-thumb-224w/ac80258bfd09a67bb42e5e22fb7e4a63/-/horizon-files-prod/ed/picture/migrated/qq95xgk/f41ac2d0059a64c8576bc746374e2951b99720c5.jpg
Filtre √† gasoil,Neuf,Liberte 6,Dakar,60000,https://i.roamcdn.net/hz/ed/listing-thumb-224w/0b05c08ae6c72d756858c98032690c3c/-/horizon-files-prod/ed/picture/qxj2gkg0/e84ca7ad44a6237224b77aaabbd776a8d71acb8c.jpg
Filtre √† huile,Neuf,Liberte 6,Dakar,13500,https://i.roamcdn.net/hz/ed/listing-thumb-224w/1ee3299056148460f9db761c6506a1a1/-/horizon-files-prod/ed/picture/q8v5p9p4/3e92541ea22c2bc2df22264ae76455489ed97d5c.jpg
GPS sinotrack avec relais arret moteur,Neuf,Hlm,Dakar,27000,https://i.roamcdn.net/hz/ed/listing-thumb-224w/9a8ccbdcd3c320a3b02acdc3e997e4d1/-/horizon-files-prod/ed/picture/qzvdzp8x/5c949f76aecb47a43c7b43b8085dd50dc0a25ca0.jpg
R√©paration d'injecteurs et de pompes √©lectroniques,Neuf,Ouakam,Dakar,50,https://i.roamcdn.net/hz/ed/listing-thumb-224w/c41448ddc2876bbe6fd3fd44e3532ef2/-/horizon-files-prod/ed/picture/qngx9ene/161c29f9f6283f3fb8fe35415f58ad5f2d68e726.jpg
RADIO √âCRAN,Neuf,Plateau,Dakar,1,https://i.roamcdn.net/hz/ed/listing-thumb-224w/ef5066aa7eba985a3cce124f21d16819/-/horizon-files-prod/ed/picture/qxj66rj2/d9ad6a1d36715c2f287dfe9b0e844249fab833d2.jpg
Aspirateur gonfleur 4 en 1 auto,Neuf,Plateau,Dakar,35000,https://i.roamcdn.net/hz/ed/listing-thumb-224w/37715014da73fba8e68977faeab530ab/-/horizon-files-prod/ed/picture/migrated/qzzx7jn/86db580a52d4c9255dbed78b7e403d1c99436230.jpg
Arceau pour ISUZU avec coffre en m√©tal,D'occasion,Thi√®s,Thi√®s,700000,https://i.roamcdn.net/hz/ed/listing-thumb-224w/f7f96a23a96e7fb9feda6e2a63e91f43/-/horizon-files-prod/ed/picture/qq47zejp/1519f9ae4a39d51a812e608e161f9da7edb8afea.jpg
OTOFIX Watch Smart Key,Neuf,Guediawaye,Dakar,90000,https://i.roamcdn.net/hz/ed/listing-thumb-224w/af69ee9d236679d763bf7d1e1eb08bb4/-/horizon-files-prod/ed/picture/qenqr4nj/6fe5f0724f7819fe779178d9487a7731ef0a8ee9.jpg
Filtre √† Huile,Venant,Liberte 6,Dakar,7500,https://i.roamcdn.net/hz/ed/listing-thumb-224w/d91185f9a797478d46cddcf7be18ed39/-/horizon-files-prod/ed/picture/q0gwk2gj/2edd33790149471e3c7b68d7c0f72a361b013cbd.jpg
INJECTEUR VDO Siemens,D'occasion,Mermoz,Dakar,45000,https://i.roamcdn.net/hz/ed/listing-thumb-224w/6eb9e58ffccd4555e1a6e03682de58ea/-/horizon-files-prod/ed/picture/q9m9k0kp/307722dc909c0bf734993b94f368db7d50c94e27.jpg
Casque Moto et Scooter HJC haut de gamme,Neuf,Hann maristes,Dakar,48000,https://i.roamcdn.net/hz/ed/listing-thumb-224w/26b302c8784317fa4ad4d5d463ec419e/-/horizon-files-prod/ed/picture/q5647qvn/bc358abae5be787c51e0ea461e77aa627fdbc9fe.jpg
"Aspirateur d√©poussi√©rage/√©clairage (Auto & Ordinateur, etc.)",Neuf,Castor,Dakar,10000,https://i.roamcdn.net/hz/ed/listing-thumb-224w/8c604402b57da4b87dc59f88553dff62/-/horizon-files-prod/ed/picture/qkr5557j/c87435018d07a612dd52244461b5e066a8e11bdb.jpg
Antivol Moto √† Alarme,Neuf,Plateau,Dakar,15000,https://i.roamcdn.net/hz/ed/listing-thumb-224w/6670a079078aa9385255b89856843eec/-/horizon-files-prod/ed/picture/q56xpgr2/aa7d319f79ced63164fb368802fcac38ac04926a.png
Mousse lavage voiture,Neuf,Guediawaye,Dakar,2500,https://i.roamcdn.net/hz/ed/listing-thumb-224w/2ad7845970ff10f514ab6f694ed6637a/-/horizon-files-prod/ed/picture/q6x68zv4/74492dc756fe16066314dcca61d4646d51c03702.jpg
Antivol pour moto et autres avec alarme petit model,Neuf,Plateau,Dakar,9000,https://i.roamcdn.net/hz/ed/listing-thumb-224w/f002dfe3f973301fd34edb19bf6d1a9d/-/horizon-files-prod/ed/picture/q8v5mk0z/cbe0f0ab27d3933854417028efdfa254b0bbbd34.png
Nettoyeur √©lectrique portable avec 2 batteries 48 V,Neuf,Grand-Dakar,Dakar,45000,https://i.roamcdn.net/hz/ed/listing-thumb-224w/3aaee00f6d912c648ae14ae1ff810236/-/horizon-files-prod/ed/picture/qzv4g0vd/1a914c0a91a018608e86f3bd7d3454659b1f5271.jpg
Chaise Pliable avec sac pour Voyage- D√©placements,Neuf,Hann maristes,Dakar,14000,https://i.roamcdn.net/hz/ed/listing-thumb-224w/deeb295beff05d270bad509c6bc44e0b/-/horizon-files-prod/ed/picture/q9m909q0/185aa2918f22f0ec2f9d0ae1d8b1a5b42a69e90a.jpg
Moto tricycle 200cc,Neuf,Castor,Dakar,235000,https://i.roamcdn.net/hz/ed/listing-thumb-224w/2bd6f5d4733bb19963c63d77db4abb58/-/horizon-files-prod/ed/picture/q2jqkq2k/cea79341eec8f8057cc0ab42b552a6e0b0d4ec03.jpg
PISTOLET √Ä EAU PORTABLE HAUTE PRESSION.,Neuf,Plateau,Dakar,35000,https://i.roamcdn.net/hz/ed/listing-thumb-224w/80aa1a8859352f58535fdad640aceae2/-/horizon-files-prod/ed/picture/q56xpx5r/b9de51782f365a0555edde7af512e7f228e85f98.png
R√©trofl√©chissants lumineux pneumatiques,Neuf,Keur Massar,Dakar,4500,https://i.roamcdn.net/hz/ed/listing-thumb-224w/605e0c9206afc5fa1e0a721f0c2670ba/-/horizon-files-prod/ed/picture/qv44z0p5/68254a237e689cca97781a67b169eb0db512847b.jpg
Compresseur d'air portable pour gonfler les pneus,Neuf,Castor,Dakar,12000,https://i.roamcdn.net/hz/ed/listing-thumb-224w/5f71ec07702ace7e9e41901fe44aefe0/-/horizon-files-prod/ed/picture/qenqqd8j/976370c97ac5d0fac4784b819f8d91dfbc1a7f78.jpg
"B√¢che auto(couvre-voiture) suv,4√ó4",Neuf,Liberte 6,Dakar,25000,https://i.roamcdn.net/hz/ed/listing-thumb-224w/d3848b8e355e18b7d78cb3971f497c22/-/horizon-files-prod/ed/picture/qzvdpgnq/9610eba8bac11d9d4297fc781d35800fbb2f957e.jpg
Sac √† bandouli√®re,Neuf,Grand-Dakar,Dakar,10500,https://i.roamcdn.net/hz/ed/listing-thumb-224w/b92743d121a40d37972536e5ff700745/-/horizon-files-prod/ed/picture/qrzv8deq/50ce807fb94e48a6674416574ac57f4e572e03b6.jpg
LOMBAIRE ORTHOP√âDIQUE POUR VOITURE,Neuf,Plateau,Dakar,5000,https://i.roamcdn.net/hz/ed/listing-thumb-224w/ccaface06c78690ff6450380fa6ce15b/-/horizon-files-prod/ed/picture/q8vvdgn7/b98b049e0c7f8e0846700be0529975bb1e36b60c.jpg
HUMIDIFICATEUR D'AROMATH√âRAPIE VOITURE,Neuf,Plateau,Dakar,8000,https://i.roamcdn.net/hz/ed/listing-thumb-224w/352a298cc7fded603799bf5850be0cc6/-/horizon-files-prod/ed/picture/qkr5kwdp/75f5077d3498fc2e1b6bb2dcc0fd290362d4a741.jpg
R√©parations et ventes d'injecteurs et pompes √©lectronique,Neuf,Ouakam,Dakar,10,https://i.roamcdn.net/hz/ed/listing-thumb-224w/9c4e486b24d4bfec2afec8be0baea6ae/-/horizon-files-prod/ed/picture/q4488xge/f0ffa8b45f4783ac52b46601c5fe57e6c17dc145.jpg
Pare-brise automobile,Neuf,Gibraltar,Dakar,45000,https://i.roamcdn.net/hz/ed/listing-thumb-224w/a7e7757f4e60a10914a6a5d9d7de9531/-/horizon-files-prod/ed/picture/q9xp0x7/b61beab5f19a2693037598f1283c88cadeaf2558.jpg
CASQUE MOTO - BLOUSON ET GANTS,R√©conditionn√©,Nord foire,Dakar,50,https://i.roamcdn.net/hz/ed/listing-thumb-224w/c549bcdca6ad56c00ef0097b92accc62/-/horizon-files-prod/ed/picture/qq474nkk/f05090600d59a769d7924240b8272091f5b0dbe4.jpg
RADIO √âCRAN,Neuf,Plateau,Dakar,1,https://i.roamcdn.net/hz/ed/listing-thumb-224w/a4ffc0a1794f25e1ff0045980e383b58/-/horizon-files-prod/ed/picture/q0ggjek6/d9a7b05cc82afbb86021b42c738b7f29344d792c.jpg
Radios √âcran digitales,Neuf,Plateau,Dakar,140000,https://i.roamcdn.net/hz/ed/listing-thumb-224w/77637b503d408eb9d15331f923416b9b/-/horizon-files-prod/ed/picture/q785wpkg/9d553bec0a3bc5d4d491803a88d990427c751e83.jpg
Paire de r√©troviseurs pour Moto scooter universels,Neuf,Grand-Yoff,Dakar,22000,https://i.roamcdn.net/hz/ed/listing-thumb-224w/8994ed0bad8eb73acd77c2042bf7fe61/-/horizon-files-prod/ed/picture/q785w5dq/b42ac32614e2cd1078c24f9119ef55a622276499.png
Parabrise pour scooter et moto prot√©ge votre corps,Neuf,Grand-Yoff,Dakar,29000,https://i.roamcdn.net/hz/ed/listing-thumb-224w/4d680f7c3a9225641eeb204b95cd7716/-/horizon-files-prod/ed/picture/qenqvq2d/71cf4f150b81f44cb20be5a7269aaf37a06a410d.jpg
Pot d‚Äô√©chappement comp√©tition,Venant,Patte d‚Äòoie,Dakar,50000,https://i.roamcdn.net/hz/ed/listing-thumb-224w/f13c8af5ed60c1523661010f689562fe/-/horizon-files-prod/ed/picture/qpd6624w/fb62e7e8e9931195ad09e439aff61029c426c132.jpg
Pompe √† air double cylindre,Neuf,Plateau,Dakar,30000,https://i.roamcdn.net/hz/ed/listing-thumb-224w/adee6667fda543f11d64a1981d488a55/-/horizon-files-prod/ed/picture/migrated/qp0jmpm/4e3fc5d19a269e364dc84ded6126cf3f061b1270.jpg
GPS TRACKER PROFESSIONNEL,Neuf,Sicap foire,Dakar,25000,https://i.roamcdn.net/hz/ed/listing-thumb-224w/a60e24cebbd4e572543c943889b5af14/-/horizon-files-prod/ed/picture/qgq99xnm/81d28367c2484a0639b8f081fcc8aa3f84b3cca2.png
Batterie auto,D'occasion,Ouest foire,Dakar,25000,https://i.roamcdn.net/hz/ed/listing-thumb-224w/cebf65da1673ebf830408e41679cabff/-/horizon-files-prod/ed/picture/q6xkkj56/73077762872b7acd61286a8c2e9550dc37a1a2f3.jpg
Auto Radio Nissan Kicks,Neuf,Hann maristes,Dakar,200000,https://i.roamcdn.net/hz/ed/listing-thumb-224w/97538eada8b68523cdac3142e812fea2/-/horizon-files-prod/ed/picture/qpdw46kq/d651fc889574b512de2d9a7b03e5a8c24b8bd267.jpg
Auto radio carplay pouces haute d√©finition,Neuf,Grand-Yoff,Dakar,59000,https://i.roamcdn.net/hz/ed/listing-thumb-224w/dbf6fe22ee33801b6d6be4403cbdf92c/-/horizon-files-prod/ed/picture/q56xxkxg/eeb4572d5fd46d1deb7b22c6652152f1f975c26a.jpg
battery üîã pile,Neuf,Dieuppeul,Dakar,3000,https://i.roamcdn.net/hz/ed/listing-thumb-224w/7a37a2a4e8a10a3f5f3e4b2fbb72119e/-/horizon-files-prod/ed/picture/qgq99req/c1e4bd3dfe6112cae54e0b6b20864a415198b666.jpg
Aspirateur Multifonction 4 en 1 Pour Voiture,Neuf,Hann Bel-Air,Dakar,45000,https://i.roamcdn.net/hz/ed/listing-thumb-224w/7cae9186c174f15bb889cf83dd53250d/-/horizon-files-prod/ed/picture/q6xkkwjz/80409286eee1f7253721759bde351f7a0b562a17.jpg
IM608 Pro Diag Programmation Cl√© et ECU XP400 Pro et J2534,Neuf,Yoff,Dakar,1800000,https://i.roamcdn.net/hz/ed/listing-thumb-224w/e5aa5e67a2f8532d2855e331f4364c42/-/horizon-files-prod/ed/picture/qj44w66d/341ee1091cada1beb4bd1bd7bf48223c12db9e08.jpg
Bache voiture imperm√©able et doubl√© en coton,Neuf,Grand-Dakar,Dakar,19000,https://i.roamcdn.net/hz/ed/listing-thumb-224w/3c8fbf994f8707a8a00dfe37b10ffb40/-/horizon-files-prod/ed/picture/qpdpkjxj/635a1e447b63bfa24f18a5d906a925b8db180458.png
Porte bagage pour voiture,Venant,Plateau,Dakar,400000,https://i.roamcdn.net/hz/ed/listing-thumb-224w/778187aeb9e6573fbcb97545fbf364e1/-/horizon-files-prod/ed/picture/qwe229n6/742fafbdbc1b35b1c4be6944d5980f8ebbe58ce6.jpg
Pi√®ces Jeep compass_Dodge,Venant,Golf,Dakar,10000,https://i.roamcdn.net/hz/ed/listing-thumb-224w/b603b513c05b53d1d27fd41352f83820/-/horizon-files-prod/ed/picture/q56xx8jn/1eabfa2c4d569816bb91fed0ab0632a67f89ba5e.jpg
Boite automatique Santaf√© V6 4X4 essence (2008),Venant,Golf,Dakar,100000,https://i.roamcdn.net/hz/ed/listing-thumb-224w/58beffea5e70f11deb4394d5b750ea58/-/horizon-files-prod/ed/picture/qv4p026p/5c3d34800e4b000d58de6fc078012d1ea1185e7a.png
LED EXTERNAL LENS SPOT LIGHT / MINI FEUX DE CONDUITES,Neuf,Hann maristes,Dakar,25000,https://i.roamcdn.net/hz/ed/listing-thumb-224w/9345ae1e2dcfb7b1c381982947ee5464/-/horizon-files-prod/ed/picture/q44d20n9/b9c44881b3cac9e92e894190fd211bd7734a4a5e.jpg
ECRAN ANDROID,Neuf,Hann maristes,Dakar,275000,https://i.roamcdn.net/hz/ed/listing-thumb-224w/91a64ab939c3bf10ed1d934171f2eb2c/-/horizon-files-prod/ed/picture/qj4j72ng/76be0808adadeaab1bb0f9add69e6b982d45bc5c.jpg
Pare-brise auto,Neuf,M√©dina,Dakar,45000,https://i.roamcdn.net/hz/ed/listing-thumb-224w/84ea34e66fd744d968c8c7fbb147dd1e/-/horizon-files-prod/ed/picture/qenqqqv5/434dba6d216bbf3f16048f6860745d8dab991c0f.jpg
Compresseur clim Suzuki grand Vitara,D'occasion,Ouakam,Dakar,225000,https://i.roamcdn.net/hz/ed/listing-thumb-224w/dbe2c26f2ac7f413dd8125c106dbaab7/-/horizon-files-prod/ed/picture/qngxxdze/746a43b369d9030979e8b74b6d87f65287331ed8.jpg
Rool barre Pick-up,D'occasion,Mbour,Thi√®s,100000,https://i.roamcdn.net/hz/ed/listing-thumb-224w/c2aac40b34aa8ccfe98e37c52ee99572/-/horizon-files-prod/ed/picture/qm5pprnr/89fae44ac5e5963cd894d4ad42c675c8bccb543b.jpg
Transmission avec boite de transfer Jeep SRT 2014-2022,D'occasion,Almadies,Dakar,1500000,https://i.roamcdn.net/hz/ed/listing-thumb-224w/2c15e92df9bef0b78d76dfef23ac11a1/-/horizon-files-prod/ed/picture/q9m984g6/0351adb45d8e829303c455c0db4ea9384bcda25c.jpg
Battery auto,Neuf,Diamaguene,Dakar,31000,https://i.roamcdn.net/hz/ed/listing-thumb-224w/11e8dc5dfb295a3ca1347d0ee025d57d/-/horizon-files-prod/ed/picture/q7857zjm/ebee536e8bdfb0da34463841f3f035ef34dc58ac.png
R√©paration et vente d'injecteurs,Neuf,Ouakam,Dakar,10,https://i.roamcdn.net/hz/ed/listing-thumb-224w/62e0b4f0e0ed45b3c5d37611cf26bbe9/-/horizon-files-prod/ed/picture/q0gw206x/a0ab6e61a754eb5191631edac312cf9c0c04d655.jpg
PNEUS pour toutes cat√©gories de voitures,Neuf,Pikine,Dakar,1,https://i.roamcdn.net/hz/ed/listing-thumb-224w/24c22007dd5051f523e0fc85bdb64eb7/-/horizon-files-prod/ed/picture/qpdwe5kw/85aa8e6c92ad89a3f9343cad7e1e7c221ba89594.jpg
"BATTERIES AUTO NEUFS 60, 75 , 175, 200 MPR",Neuf,Pikine,Dakar,1,https://i.roamcdn.net/hz/ed/listing-thumb-224w/929bc0dc23c9a4d529c0ce955dd5abca/-/horizon-files-prod/ed/picture/qwez79q0/270ca01ff1694ec6d67803ccc75975c98ece2c61.jpg
BOITE D‚ÄôACCOUDOIR DE VOITURES,Neuf,Hann maristes,Dakar,15000,https://i.roamcdn.net/hz/ed/listing-thumb-224w/7f2437e26e594151ef39a6cdff921dc3/-/horizon-files-prod/ed/picture/q2jr9n6e/5f7b790791c94ca790e21a6d61da7e63e030ffcd.jpg
Chargeur de batterie auto 12V 6A impulsion Plomb-acide,Neuf,Golf,Dakar,23000,https://i.roamcdn.net/hz/ed/listing-thumb-224w/2234df7668a9543ea41d43c9e6e4f301/-/horizon-files-prod/ed/picture/qvjxkxm/da181ae27685d319e6330a14daeb72cab8115810.jpg
VENTE PIECES DETACHES ENGINS LOUDRS TOUTES MARQUES,D'occasion,Bargny,Dakar,1,https://i.roamcdn.net/hz/ed/listing-thumb-224w/33990d2d38f713851fdcd0da274b7afb/-/horizon-files-prod/ed/picture/q44dm8qe/e60a136d4fc0d9db2a69d1cbbe9057ea85b7a353.jpg
Battery üîã pour Kele v√®hicules,Neuf,Dieuppeul,Dakar,2500,https://i.roamcdn.net/hz/ed/listing-thumb-224w/8ec016f0835247ba9563b8d248062096/-/horizon-files-prod/ed/picture/qw06p7j/ae3da025b665f27c878341ba93a39216b3ec5dc3.jpg
"Vente et reprogrammation de cl√©s, calculateur moteur,",Neuf,Plateau,Dakar,1,https://i.roamcdn.net/hz/ed/listing-thumb-224w/bfe5a8917f9c272c27d9266876d317c9/-/horizon-files-prod/ed/picture/q6xk7n07/55b48ead02908507a7bfaa16465a0decccc1dc2a.jpg
GPS,Neuf,Ouakam,Dakar,20000,https://i.roamcdn.net/hz/ed/listing-thumb-224w/de1c47b1062f16cbd3820c127e7d0e8f/-/horizon-files-prod/ed/picture/qgq9q858/8680c59a870ee8406296542dc14065c31314de13.jpg
"Chargeur de voiture sans fil Qi, charge rapide,",Neuf,Grand-Dakar,Dakar,10000,https://i.roamcdn.net/hz/ed/listing-thumb-224w/599eb58e49d225589b3d132d4c3b87d9/-/horizon-files-prod/ed/picture/qn49mmm/49978360ba1a339b3518854fba469c649208c3fc.png
Bache sur mesure,Neuf,Pikine,Dakar,19000,https://i.roamcdn.net/hz/ed/listing-thumb-224w/995b53de249dcb57b485d2fefd4d237a/-/horizon-files-prod/ed/picture/migrated/qgp08de/1c8e201e5a4c923487c2aab6a82f2ea4b283b28b.jpg
RADIO √âCRAN ANDROID DIGITAL,Neuf,Plateau,Dakar,140000,https://i.roamcdn.net/hz/ed/listing-thumb-224w/7da3c59fb3613033871f78b94ccd46d5/-/horizon-files-prod/ed/picture/qm5p56n6/3bf77e6385815df6c525f1ac5f5e378e9bb0f597.jpg
autel im 608 pro 2,Neuf,Yoff,Dakar,2200000,https://i.roamcdn.net/hz/ed/listing-thumb-224w/1d5573c04864e0f34e1fcc2c17ad4b24/-/horizon-files-prod/ed/picture/q2jrm0k8/eb09aaef06944178934080d714cd6aa3cff1a96c.jpg
Delphi autocom 2020.23 nouvelle version,Neuf,Yoff,Dakar,75000,https://i.roamcdn.net/hz/ed/listing-thumb-224w/e4c561370c88760f3a0f38ce8eff2d79/-/horizon-files-prod/ed/picture/qjnm96z/a1e964327034d84807c04406f25a5a52fc098d8c.jpg
x431 immo elite plus + xprog 3,Neuf,Yoff,Dakar,1200000,https://i.roamcdn.net/hz/ed/listing-thumb-224w/c1c4243ad8104ccdc146ee3afee8ffed/-/horizon-files-prod/ed/picture/qgqgxp7r/024366a6b7aed0faa1c04975797612e33d1ca932.jpg
chargeur,Neuf,Ouakam,Dakar,12000,https://i.roamcdn.net/hz/ed/listing-thumb-224w/bf3a1cb7b4829b31b5879043258d46e8/-/horizon-files-prod/ed/picture/q8v50wr7/2a132d53304b5489cafeeb9465a132833d51402c.jpg
Moto Port USB D'alimentation √âtanche 12v Allume-cigare,Neuf,Sicap foire,Dakar,6000,https://i.roamcdn.net/hz/ed/listing-thumb-224w/f95a3e4e6b10c278832f0639f4727c82/-/horizon-files-prod/ed/picture/qrzv2094/af10556f135185ca80ac95f84368254e14dfc6c3.png
Pare-brises Auto,Neuf,Plateau,Dakar,50000,https://i.roamcdn.net/hz/ed/listing-thumb-224w/89d7c4b8f7744d092f35c6e428e7da65/-/horizon-files-prod/ed/picture/migrated/qp00r7v/0ad0f217c397f6c1ad153f5240378ae0d0b21f23.jpg
DAGPS Avec coupe moteur et micro int√©gr√©,Neuf,Plateau,Dakar,25000,https://i.roamcdn.net/hz/ed/listing-thumb-224w/c1567f3eeb8998e0ee6d807caef7cf26/-/horizon-files-prod/ed/picture/qxj6n808/9b0d43abaa0aceb5aaaf1eca09fef3c231a3f862.png
Tapis auto,Neuf,Hann maristes,Dakar,20000,https://i.roamcdn.net/hz/ed/listing-thumb-224w/6281aa0d15ff1c50a3f55f647dad8461/-/horizon-files-prod/ed/picture/qxjjev4j/5b3deb2618f781ee0c3377da29ba4ce643ab08ff.jpg
Wifi spot 4G pour voiture Huawei,Neuf,Ouakam,Dakar,35000,https://i.roamcdn.net/hz/ed/listing-thumb-224w/f56f7ee41ccc0b549dddcbb2642ef5af/-/horizon-files-prod/ed/picture/qdewr5q2/1dc90a0912af206e9e7f899043646118631d9be8.jpg
Housse Voiture De Luxe 5 places,Neuf,Grand-Dakar,Dakar,50000,https://i.roamcdn.net/hz/ed/listing-thumb-224w/ad90b49d4ecb9215500f90c1295d72bb/-/horizon-files-prod/ed/picture/qjv0n5r/e4a2da62631e76a0050d6f551d03f8cc168db03b.png
Rev√™tement de volant,Neuf,Hann maristes,Dakar,15000,https://i.roamcdn.net/hz/ed/listing-thumb-224w/6de739bac50968b7e7d8eff90377ff83/-/horizon-files-prod/ed/picture/qngdnxmx/13b1e0614e4f0bfd348d3a6b5dad8fb0b514c800.jpg
Gonfleur,Neuf,Ouakam,Dakar,15000,https://i.roamcdn.net/hz/ed/listing-thumb-224w/6597839931cf90a8eb06359ec7cb29c7/-/horizon-files-prod/ed/picture/qm5r8dkm/0c2c31280fc799a7a1f0b4f47a1eaf2a9ef3c504.jpg
Housse de voiture de luxe 5 places,Neuf,Grand-Dakar,Dakar,50000,https://i.roamcdn.net/hz/ed/listing-thumb-224w/f2c2a72fd6f65f564e4a271e0335a6a4/-/horizon-files-prod/ed/picture/qzv2j2nx/eaf12c3ee0d3d6909c7cb3630c3e650014161d54.png
VENTILATEUR AUTO OSCILLANT 12V/24V,Neuf,Hann maristes,Dakar,10000,https://i.roamcdn.net/hz/ed/listing-thumb-224w/a5502acb39edc7d0bef6d17d00f6e748/-/horizon-files-prod/ed/picture/q2jrv2mg/7ba4ccce99c7d9974b974a91f3e8e81b662b86fa.jpg
Pare-chocs complet jeep Cherokee 2017,Neuf,Plateau,Dakar,350000,https://i.roamcdn.net/hz/ed/listing-thumb-224w/21f74943e5e222842994c984040afd5b/-/horizon-files-prod/ed/picture/q44dz5m2/5e94658f081c8ad499c3b65ea821c0ff1bd661d7.jpg
Pare-chocs complet Mitsubishi Asx 2020,Neuf,Plateau,Dakar,700000,https://i.roamcdn.net/hz/ed/listing-thumb-224w/6c11381f5406174c464f1045a7d85d2b/-/horizon-files-prod/ed/picture/qj4j8m6g/7e84291dcddee4dd09c2dbaaa3d03417bfb26793.jpg
Pare-chocs complet Mitsubishi Outlander 2018,Neuf,Plateau,Dakar,500000,https://i.roamcdn.net/hz/ed/listing-thumb-224w/5dffc60467f2aaf6232beba5cd3268fb/-/horizon-files-prod/ed/picture/qm5rxm09/2f89ac0eb99ac8047b6820364599cf6991ce3302.jpg
Pare-chocs complet jeep Grand Cherokee,Neuf,Plateau,Dakar,500000,https://i.roamcdn.net/hz/ed/listing-thumb-224w/39689c3dc5b17145b21f0cacd66f966e/-/horizon-files-prod/ed/picture/qq4djqzw/eaab5c9580338928fb52e8437f6669bc19ec5cd0.jpg
Jupe complet Jeep Grand Cherokee 2018,Neuf,Plateau,Dakar,350000,https://i.roamcdn.net/hz/ed/listing-thumb-224w/90964ef42d721917b9c971b904ad03a3/-/horizon-files-prod/ed/picture/q0g2epkw/f10a2e7b9cb2650a48dc979169ae61f2883f755d.jpg
Pare-chocs jeep Cherokee 2017,Neuf,Plateau,Dakar,150000,https://i.roamcdn.net/hz/ed/listing-thumb-224w/972751805633d159b8f46f71ea039f46/-/horizon-files-prod/ed/picture/q564ewde/38533b8b6a4e5b143047a7d2e874cca3c5b274c8.jpg
Pare-chocs complet Mitsubishi Asx 2017,Neuf,Plateau,Dakar,350000,https://i.roamcdn.net/hz/ed/listing-thumb-224w/b95d3ed6e37cc9176e8b0b3e0a394455/-/horizon-files-prod/ed/picture/q44dzjnp/420354dac8730882d8d3e04a2d479a9a02805250.jpg
B√¢che(couvre-voiture pour suv ou 4√ó4),Neuf,Sicap Libert√©,Dakar,25000,https://i.roamcdn.net/hz/ed/listing-thumb-224w/bb27e7d2f7e9b6b5a8b0e465dd932d07/-/horizon-files-prod/ed/picture/qngdez9z/c77bdf5fac6da84e04dedec6cc6c08b7233c065a.jpg
"Mini Vantilo pour v√©hicule, table de bureau, lit ,chambre...",Neuf,Sicap Libert√©,Dakar,9000,https://i.roamcdn.net/hz/ed/listing-thumb-224w/feb4285ecd771628a16ad3234f5e0b05/-/horizon-files-prod/ed/picture/qv4p62pg/a2be11cc721099d0515ae0b9c03d35a3b2759333.jpg
machine de lavage portable rechargeable electrique,Neuf,Plateau,Dakar,35000,https://i.roamcdn.net/hz/ed/listing-thumb-224w/90bcbcf278cb536c851c02867ae6f596/-/horizon-files-prod/ed/picture/q2jjvje8/02fd60e585fff2f014676ac50a79bb1c1b39c203.jpg
Housses de si√®ge voiture,Neuf,Grand-Dakar,Dakar,60000,https://i.roamcdn.net/hz/ed/listing-thumb-224w/d0019973034744df51913bc5c2538643/-/horizon-files-prod/ed/picture/qendmvp4/47e36a6fbcc6f2098cb3ddc59a64f86b0f25f0f4.png
Dispositifs R√©trofl√©chissants lumineux,Neuf,Keur Massar,Dakar,3000,https://i.roamcdn.net/hz/ed/listing-thumb-224w/7d1a36de496b6fa71f2b0cf21e806b53/-/horizon-files-prod/ed/picture/q788gd7m/d1d08cba1c1902fdfa9f5834f8a4846dfcaf80c9.jpg
Cam√©ra de bord - Dashcam,Neuf,Ouakam,Dakar,40000,https://i.roamcdn.net/hz/ed/listing-thumb-224w/ac0ad28e1ca34d665f5ae787b4eb08b9/-/horizon-files-prod/ed/picture/qwezmjw5/f326c57ddc15d0890cf286b5e3b63a627802d347.jpg
Peices Ford explorer 2013,Neuf,Avenue Bourguiba,Dakar,500000,https://i.roamcdn.net/hz/ed/listing-thumb-224w/9f5f5b6ff793a22e19c82ced5aa246f2/-/horizon-files-prod/ed/picture/qv4p70m2/63e38acc55e819e855c2a66f314cfada836be2c4.jpg
PARE BRISE,Neuf,M√©dina,Dakar,40000,https://i.roamcdn.net/hz/ed/listing-thumb-224w/729c3087efa7934567107e0723dfcb78/-/horizon-files-prod/ed/picture/migrated/qn7jn2g/cfb86a7d869b1965227b54d58bee41c96abc5365.jpg
MOTEUR+BOITE RENAULT 21 VENANT,Venant,Sacr√©-c≈ìur,Dakar,600000,https://i.roamcdn.net/hz/ed/listing-thumb-224w/c6c1552018bca94a7702c9a30a3b90ee/-/horizon-files-prod/ed/picture/qkr58z4z/fba8f904cdd16d41e356730a088edce977245556.jpg
Bache voiture berline,Neuf,Grand-Dakar,Dakar,19000,https://i.roamcdn.net/hz/ed/listing-thumb-224w/e0a5f368fdc6ca1d5757186e4fde9004/-/horizon-files-prod/ed/picture/qder6850/df6ba2ce050bead1e2366f666eb5c3eeba799fca.png
AUTORADIO AVEC BLUETOOTH ET USB/SD,Neuf,Mbour,Thi√®s,40000,https://i.roamcdn.net/hz/ed/listing-thumb-224w/d379bf7124c47b519cc33f483250e9ef/-/horizon-files-prod/ed/picture/qq4d0zmz/710f0b95e0496ce4153ba8c09ac0102f1e8ba828.jpg
Housse de moto made in S√©n√©gal,Neuf,Pikine,Dakar,9900,https://i.roamcdn.net/hz/ed/listing-thumb-224w/4aad1b920d08b8fb42b431af4749812e/-/horizon-files-prod/ed/picture/q564nk45/9b96855ce70c56b1e52e827c42d7be31fe9afe36.jpg
Pi√®ces d√©tach√©es automobiles,D'occasion,Hann Bel-Air,Dakar,1,https://i.roamcdn.net/hz/ed/listing-thumb-224w/ab4f2e2fca8400e9e63ec2a3de0bf994/-/horizon-files-prod/ed/picture/qen5k9m4/db5e63ab6e093e0c36410924e9aca2280f87e25c.jpg
Scanner auto OBDII- Outil de diagnostic voitures Bluetooth,Neuf,Golf,Dakar,8000,https://i.roamcdn.net/hz/ed/listing-thumb-224w/77b89534e50c4be8031d5343bf75b922/-/horizon-files-prod/ed/picture/qngg0vpr/de559224c34850c8e85a200609c5304677b695be.jpg
AutoRadio tactile 7 pouces,Neuf,Mermoz,Dakar,40000,https://i.roamcdn.net/hz/ed/listing-thumb-224w/0d4e1afa1aa627bb5e63107c69fc92af/-/horizon-files-prod/ed/picture/qenn6n6z/8ef003297995867a824cd8fa068e9c5c8f2910c9.jpg
PLAQUETTES FREINS TOUTES MARQUES SCOOTERS,Neuf,Plateau,Dakar,1,https://i.roamcdn.net/hz/ed/listing-thumb-224w/b6c09c5dcb3c0f38de5eb0cf81b44384/-/horizon-files-prod/ed/picture/qwee4k54/6f16a1da2cee9355f8f5ad78a0b039c62bc167a3.jpg
HUMIDIFICATEUR D'AROMATH√âRAPIE VOITURE,Neuf,Plateau,Dakar,8000,https://i.roamcdn.net/hz/ed/listing-thumb-224w/c77d650a600ab14c94be1239abd9e225/-/horizon-files-prod/ed/picture/qxj6m5n2/b54b935e1f26b5ffe00f172d91aace705dc66592.jpg
BANDEROLES LED / LUMI√àRES CLIGNOTANTES / FREINS ARRI√àRES,Neuf,Hann maristes,Dakar,20000,https://i.roamcdn.net/hz/ed/listing-thumb-224w/d4e84a5789b3c68829c5de28f4695819/-/horizon-files-prod/ed/picture/q9m8z2q7/02216bcc87a8cb1dd7dadab371c0c7e45e9c64d0.jpg
Autoradio tactile 7 pouces universel multifonction,Neuf,Parcelles Assainies,Dakar,40000,https://i.roamcdn.net/hz/ed/listing-thumb-224w/c9dcc865f1fd16def5b54d776a2c62a3/-/horizon-files-prod/ed/picture/qvqv6w2/60bcebe208eb28c788eeb4ed64c12843010b509a.jpg
Nettoyant F.A.P et Turbo pour moteur diesel.,Neuf,Mbour,Thi√®s,60000,https://i.roamcdn.net/hz/ed/listing-thumb-224w/3eddcb272eacd4ee76711f702350281e/-/horizon-files-prod/ed/picture/qq4d85zz/0d333f9166049d6e0a818ad20cda5bb8e0e201d4.jpg
TURBO LED,Neuf,Hann maristes,Dakar,35000,https://i.roamcdn.net/hz/ed/listing-thumb-224w/17f7f2fe5bd89b4ad95202cadab86f89/-/horizon-files-prod/ed/picture/q78789qj/a98783c926c4d60bb289fd6535719932c905eebb.jpg
Tuyau D‚Äôarrosage Extensible Magic Hose 22.5m et 30m,Neuf,Grand-Dakar,Dakar,15000,https://i.roamcdn.net/hz/ed/listing-thumb-224w/fd11666851bb23c7580ec6a4e5e3d092/-/horizon-files-prod/ed/picture/qxjjmgnn/da33f960361f12cd9d220e7c983a14ce52ed2b5b.jpg
Tapis pose pieds pour v√©hicule,Neuf,Sicap Libert√©,Dakar,15000,https://i.roamcdn.net/hz/ed/listing-thumb-224w/c072141477d23df6ab5e5e42591d252a/-/horizon-files-prod/ed/picture/qj4jz97v/07e17333d7b9ad510c9e11536a89d24d3a8792d2.jpg
Jantes Tunning 22¬†pouces,Neuf,Almadies 2,Dakar,2500000,https://i.roamcdn.net/hz/ed/listing-thumb-224w/64ed0943c299891173ae1526d30d5b14/-/horizon-files-prod/ed/picture/qj4jrz4g/fa57b347e43f6b3bf730c359f4c5710e59b56928.jpg
Mini aspirateur gonfleur 4 in 1,Neuf,Plateau,Dakar,27000,https://i.roamcdn.net/hz/ed/listing-thumb-224w/721ad6adb3a6b2c4b97b9d1c93d3884e/-/horizon-files-prod/ed/picture/migrated/qn72w6x/a1daa125de6742816ed31c8565c71844349cb990.jpg
"Flasque moto , honda et Beverly",Neuf,Plateau,Dakar,1,https://i.roamcdn.net/hz/ed/listing-thumb-224w/3444646d137276e853a8e2bb426d6ca5/-/horizon-files-prod/ed/picture/qrzqvgdq/1e1d85c9ab67080a2896df2ff5aa435365ead09f.jpg
Housse chaise voiture,Neuf,Hann maristes,Dakar,50000,https://i.roamcdn.net/hz/ed/listing-thumb-224w/a8ab8e1c588e3e2832a9219bd0b27869/-/horizon-files-prod/ed/picture/qrzq644q/0f7b156eb99962d7d075d4bc097bcf54e56ec302.jpg
√Ä vendre pneus cross,Venant,Saly Portudal,Thi√®s,1,https://i.roamcdn.net/hz/ed/listing-thumb-224w/e5e1efb17abb4ebe781a0022b5f93334/-/horizon-files-prod/ed/picture/q78v7jwg/5b3d01e2d127cb35ea84e3d20a5a1c2ac1f0b1c4.jpg
B√¢ches pour v√©hicule,Neuf,Sicap Libert√©,Dakar,20000,https://i.roamcdn.net/hz/ed/listing-thumb-224w/520f045e9f66c95c7a515abd17102098/-/horizon-files-prod/ed/picture/q9m8kj95/0c845a1b098dc52609de492b18ee34955e36c991.jpg
Housse interieur auto en cuir,Neuf,M√©dina,Dakar,5,https://i.roamcdn.net/hz/ed/listing-thumb-224w/810dcf7f04d13839cb3efa2ee3926242/-/horizon-files-prod/ed/picture/q76407z/137dcfb3fac3f1e75f033c136c84339ce993aa19.jpg
Moteur essuie glace,Neuf,Rufisque,Dakar,150000,https://i.roamcdn.net/hz/ed/listing-thumb-224w/049d1d10e2d8c45fee7721d660574655/-/horizon-files-prod/ed/picture/q6x6xex4/1b92f60717a38048e30e2151351e4dd7be26a3ff.jpg
AMORTISSEURS SCOOTERS,Neuf,Plateau,Dakar,1,https://i.roamcdn.net/hz/ed/listing-thumb-224w/f37a7131aad604904cb90e6cf732da96/-/horizon-files-prod/ed/picture/qenn4wqj/28e5a1a63402f33f4fea67218c8c6fc2c042ddaf.jpg
FILTRES SCOOTERS ( HUILE /AIR),Neuf,Plateau,Dakar,1,https://i.roamcdn.net/hz/ed/listing-thumb-224w/ff0ed08b3cbf72f775b2223242f696dc/-/horizon-files-prod/ed/picture/q9mm7g97/aecdd7f0ec65b2d61f8d2ea9d9e3a131ff2e6c9d.jpg
JEEP GRAND CHEROKEE BOITE DE VITESSE AUTOMATIQUE,D'occasion,Colobane,Dakar,1,https://i.roamcdn.net/hz/ed/listing-thumb-224w/a1c57570499bc11a7637303a0c09ea70/-/horizon-files-prod/ed/picture/q0g2pm6d/ee708fcce62a6cf9738ffc376d06570d90a595cc.jpg
Ampoules Led pour Phares de V√©hicules,Neuf,Hann maristes,Dakar,30000,https://i.roamcdn.net/hz/ed/listing-thumb-224w/5ec74075e76081182b239edb0d5ed5ee/-/horizon-files-prod/ed/picture/qenn4prz/18faa465994dd3768515bdfb7c4df4c77da43694.jpg
Tapis pour voiture,Neuf,Hann maristes,Dakar,20000,https://i.roamcdn.net/hz/ed/listing-thumb-224w/be7275e58c555b638d207738302ea105/-/horizon-files-prod/ed/picture/qrzz9v7j/78e2768515aae79eb00b8e4a1bc160bad475bb38.jpg
Support mobile de voiture universel 360 ¬∞,Neuf,Grand-Dakar,Dakar,6500,https://i.roamcdn.net/hz/ed/listing-thumb-224w/aa1678ccfc36597e437b37aaa8693150/-/horizon-files-prod/ed/picture/qqppndw/39dc754f03e34fb480c3abd19007c45840b11e35.jpg
Cam√©ra embarqu√©e voiture 1080p Daschcam 120¬∞,Neuf,Golf,Dakar,13000,https://i.roamcdn.net/hz/ed/listing-thumb-224w/1c1e69f4a11dfa6cdf6372d2caca0bc5/-/horizon-files-prod/ed/picture/qx95nx4/3558103d60a551aa86a27999ca1c5bf8e75fe6eb.jpg
Siru Kit carrosserie 2014-2018 mise √† niveau,Neuf,Ouakam,Dakar,3000000,https://i.roamcdn.net/hz/ed/listing-thumb-224w/6940816e4f90eca60e08720af76cff02/-/horizon-files-prod/ed/picture/qvnn88x/4a6cf2d3fa39dc4078947b89226052c97ac4e82a.jpg
MaicTop Kit Body Upgrade Toyota Prado From 2014 to 2022,Neuf,Ouakam,Dakar,4000000,https://i.roamcdn.net/hz/ed/listing-thumb-224w/ebb6cfe3ac101c76655cd309da06c531/-/horizon-files-prod/ed/picture/qwqq44z/bf7d31267f2a3c57c2b55040f30f26fd5353d018.jpg
Bache Voiture 4x4,Neuf,Grand-Dakar,Dakar,25000,https://i.roamcdn.net/hz/ed/listing-thumb-224w/053e592d89a276d3509ecbc47682bd9b/-/horizon-files-prod/ed/picture/qv5d22v/28826204bd1d65e03d64a8e57ae2117ba8f43ef4.png
Remorque pour auto,D'occasion,Mbour,Thi√®s,2500000,https://i.roamcdn.net/hz/ed/listing-thumb-224w/5a486aed9e3f0f310060c233baa46c40/-/horizon-files-prod/ed/picture/q444vqwm/1a2a432733fcf6889315d8bca6655c46a2ba4dd2.jpg
Organe et suspension,Neuf,M√©dina,Dakar,25000,https://i.roamcdn.net/hz/ed/listing-thumb-224w/13b6fb01194462d6fa2df219edd907eb/-/horizon-files-prod/ed/picture/qq07w6k/583efe41498a785569bbc55de0865c5ee1f4c1ca.jpg
"Plaquette, disque et m√¢choire de frein",Neuf,M√©dina,Dakar,15000,https://i.roamcdn.net/hz/ed/listing-thumb-224w/e82a535695e8d7c6d4e12bbe54a29d26/-/horizon-files-prod/ed/picture/q9vwxm7/64e4c9880179b8323ad9370ff99cfb8e8aec1a8b.jpg
Filtres,Neuf,M√©dina,Dakar,15000,https://i.roamcdn.net/hz/ed/listing-thumb-224w/320802bbbbf7dea895d2d60153fa6af7/-/horizon-files-prod/ed/picture/qeejnw2/34f702309970d53bd55c6e69fc8ca5817840eb5c.jpg
PARE-BRISE DOUBLE VITRAGE,Neuf,M√©dina,Dakar,40000,https://i.roamcdn.net/hz/ed/listing-thumb-224w/92dbdb76f09224047c66d4d8108a156c/-/horizon-files-prod/ed/picture/q56wme72/88c1cd460bf6f27485f89dea97163cd4ea8d1c2b.jpg
"B√¢ches auto(4√ó4,suv,berline)",Neuf,Liberte 6,Dakar,20000,https://i.roamcdn.net/hz/ed/listing-thumb-224w/4b674cdc0ab89047a62a3448816024e9/-/horizon-files-prod/ed/picture/qnggnx8x/8dd96f9be1217d37b04501296cee5f4d64bc011c.jpg
Cl√© d√©monte roue,Neuf,Mbour,Thi√®s,13000,https://i.roamcdn.net/hz/ed/listing-thumb-224w/487eefc100b165f5d914af42798e201b/-/horizon-files-prod/ed/picture/qennkpv2/f5c870e4dae5047044635817110bb2f19d20baf6.jpg
Scanner auto OBDII- Outil de diagnostic voitures Bluetooth,Neuf,Patte d‚Äòoie,Dakar,8000,https://i.roamcdn.net/hz/ed/listing-thumb-224w/c0d161d88aa4b12243b4bb87360e4bbe/-/horizon-files-prod/ed/picture/qrzzm9m9/61ff552c519f1e0c3f45b8e8350c677a43645498.jpg
Cam√©ra de recul CCD HD universel / 4 LED,Neuf,Parcelles Assainies,Dakar,10000,https://i.roamcdn.net/hz/ed/listing-thumb-224w/37527cf8c23f519723c00679d910ae8b/-/horizon-files-prod/ed/picture/qg07ew8/ed8a02e428a9657938b354771f9771d498347dec.jpg
"B√¢ches auto(4√ó4,suv,berline)",Neuf,Liberte 6,Dakar,20000,https://i.roamcdn.net/hz/ed/listing-thumb-224w/6c9ccf618a49f39146225e3ff7912633/-/horizon-files-prod/ed/picture/qpddq6rr/4d1c1cc279a874ab1be569b77c1544145733d0f7.jpg
autel IM 608 PRO + XP 400 +G-BOX2+ APB112+ 431 TS GUM,Neuf,Yoff,Dakar,1800000,https://i.roamcdn.net/hz/ed/listing-thumb-224w/b92212ba256b576c5021a4498fdc104d/-/horizon-files-prod/ed/picture/qegmjkv/8216a03365e9e4c18d43bbff2fbdf06130a1ae7d.jpg
Housse int√©rieure pour v√©hicule en simili cuir,Neuf,Liberte 6,Dakar,45000,https://i.roamcdn.net/hz/ed/listing-thumb-224w/b4036fe6dc1708bd76e667875ab2ca1a/-/horizon-files-prod/ed/picture/q444m5ve/43cde8ecfd7c8607410c6d5611615777442adde2.jpg
Mini Camera WiFi de Surveillance Full HD 1080P,Neuf,Patte d‚Äòoie,Dakar,15000,https://i.roamcdn.net/hz/ed/listing-thumb-224w/415329f3a929673715ce81ccc7ed3509/-/horizon-files-prod/ed/picture/qweenxr5/b292bcd7098a803ebcb86d9673d243725f363e78.jpg
Aspirateur sans fil original,Neuf,Plateau,Dakar,30000,https://i.roamcdn.net/hz/ed/listing-thumb-224w/bba1c1b164267226ed6dae83d837dbe9/-/horizon-files-prod/ed/picture/qpkm7mw/f8fec97e59071d268c52dd71cf682634ec605967.jpg
"arroseur de jardin, voiture flexible 15m",Neuf,Grand-Dakar,Dakar,10000,https://i.roamcdn.net/hz/ed/listing-thumb-224w/ac0e6ef1d6c142bb1f76b47588bae64a/-/horizon-files-prod/ed/picture/qdzrznr/9a02b67ad2fed90d60c098e64721a0af601ca8c6.jpg
Jeu Coussin lombaire et Coussin Oreiller,Neuf,Ouakam,Dakar,20000,https://i.roamcdn.net/hz/ed/listing-thumb-224w/473dd841a68521c1adec6bb233d97eae/-/horizon-files-prod/ed/picture/qg22xe8/98f14772b0c5c2cbf497e0ce860875d3a7e62d6d.jpg
Huile moto 4T 10W-40,Neuf,Dieuppeul,Dakar,4000,https://i.roamcdn.net/hz/ed/listing-thumb-224w/2aaa685504142a3a522999da3177b4b6/-/horizon-files-prod/ed/picture/qrz2prk8/857b242511acad9ef44cf6e3f33cdee052dd951a.jpg
Tapis pose pieds pour v√©hicule,Neuf,Liberte 6,Dakar,15000,https://i.roamcdn.net/hz/ed/listing-thumb-224w/7d3cbedafff0b2fb8ee94bc080881830/-/horizon-files-prod/ed/picture/qq4q028v/84a9cf89dd8898fb78f65e1c76c05a9705ec186a.jpg
"B√¢ches auto (couvre-voiture) pour suv,4√ó4,berline",Neuf,Liberte 6,Dakar,25000,https://i.roamcdn.net/hz/ed/listing-thumb-224w/d828f7404c0b280d135ea8757b5eed52/-/horizon-files-prod/ed/picture/qder8rjw/543132ad43b640a51d82b87b26f73fd7529d7e0e.jpg
"outil de Diagnostic automobile , lecteur de Code - Obd2",Neuf,Parcelles Assainies,Dakar,27000,https://i.roamcdn.net/hz/ed/listing-thumb-224w/f1298d9f37eda122347645565434a951/-/horizon-files-prod/ed/picture/qxe7knj/2d6cdb19b05383d85f756e9025cde953efed73b7.jpg
Casque LS2,Neuf,Sicap Libert√©,Dakar,170000,https://i.roamcdn.net/hz/ed/listing-thumb-224w/bf8c8d40d299d1df98af9f984bb05946/-/horizon-files-prod/ed/picture/migrated/qzzrqwk/8cf151457041c163026ebaadd2a91a17412ebfc3.jpg
Housse de voiture de luxe 5 places,Neuf,Grand-Dakar,Dakar,50000,https://i.roamcdn.net/hz/ed/listing-thumb-224w/00e12fc273ab5128bd73c6efd88d02b0/-/horizon-files-prod/ed/picture/qxjdq648/70bf3be91be3ef3c7d073343e07a2b7c61ebcaf3.png
Housse Voiture de luxe,Neuf,Grand-Dakar,Dakar,50000,https://i.roamcdn.net/hz/ed/listing-thumb-224w/b8d6511f593527d4347d239200f302df/-/horizon-files-prod/ed/picture/qd59v22/b7f581fd80760f649c1a2f609504b78082157994.png
Bache Voiture 4x4,Neuf,Grand-Dakar,Dakar,25000,https://i.roamcdn.net/hz/ed/listing-thumb-224w/d47e4dfe19f4fd24c997e16e1df8bd76/-/horizon-files-prod/ed/picture/qjnk5ed/dd67e806f2fcfe4518603338077e822e96270268.png
Cam√©ra embarqu√©e voiture 1080p Daschcam 120¬∞,Neuf,Patte d‚Äòoie,Dakar,15000,https://i.roamcdn.net/hz/ed/listing-thumb-224w/2450e0711e612989f248c8dcbdfde626/-/horizon-files-prod/ed/picture/qqpe446/f9cc29d791b98646a661863e14e931471bd4953e.jpg
Transmetteur / modulateur Fm multifonction,Neuf,Parcelles Assainies,Dakar,2000,https://i.roamcdn.net/hz/ed/listing-thumb-224w/1827cdcf97f9d1440fa5fddb6a951d09/-/horizon-files-prod/ed/picture/q4wv9mr/efd7a3d7b51d6178a419f48d23288ddbbe8400e7.jpg
Housse Chaise Voiture 5 places,Neuf,Grand-Dakar,Dakar,45000,https://i.roamcdn.net/hz/ed/listing-thumb-224w/fb754f02416a4457d16fe4a35ebc96d3/-/horizon-files-prod/ed/picture/q76mq2n/6e189b52af5b40d4df402995135630a118afc4cd.jpg
B√¢ches auto,Neuf,Liberte 6,Dakar,20000,https://i.roamcdn.net/hz/ed/listing-thumb-224w/8dfa9959c83e7d1cfdf54e60b7f3c5ef/-/horizon-files-prod/ed/picture/q9pqkv7/fc18cbf11f53d1e0d66b38ef978e82bebe227c28.jpg
B√¢ches suv;4√ó4,Neuf,Liberte 6,Dakar,25000,https://i.roamcdn.net/hz/ed/listing-thumb-224w/1e6fecd107d947dc97e9d7b5218099ae/-/horizon-files-prod/ed/picture/qnrmzxv/e485cb6d9203bf6d6933b6ff85fd9b2fdfc02bf5.jpg
B√¢ches auto(berline),Neuf,Liberte 6,Dakar,20000,https://i.roamcdn.net/hz/ed/listing-thumb-224w/67adc8c66dda40b0c96cb8c126b1a08c/-/horizon-files-prod/ed/picture/q7nem5m/1e512ce4cd8ace74a798a68711c5728da351f0da.jpg
Autoradio √©cran tactile 7 pouces multifonction universel,Neuf,Patte d‚Äòoie,Dakar,40000,https://i.roamcdn.net/hz/ed/listing-thumb-224w/baa3f90c0238b1c9a21aebe1b9eba432/-/horizon-files-prod/ed/picture/q6094r4/19f491fefb10d58eb08a501a1721f505ae41eac4.jpg
Chargeur AC voiture 12V c√¢ble USB 1 m√®tre,Neuf,Golf,Dakar,1000,https://i.roamcdn.net/hz/ed/listing-thumb-224w/8bd009dfb02ec6c56133cab7be34e120/-/horizon-files-prod/ed/picture/qjvg4zr/c19fa8e717e67eaa7413ff31ae311a688b9c0661.jpg
Maxy compresseur Air 35L,Neuf,Plateau,Dakar,1,https://i.roamcdn.net/hz/ed/listing-thumb-224w/3b2e98b9afead8d5ad60bfc301af0949/-/horizon-files-prod/ed/picture/qk9ve4z/3ef8ba0ff61b8b8f6b50d5fa37fb4ab954ed9ac0.jpg
Pieces Ford Escape,D'occasion,Sacr√©-c≈ìur,Dakar,100000,https://i.roamcdn.net/hz/ed/listing-thumb-224w/41effa8aa9bf413d99fb3a478ab57535/-/horizon-files-prod/ed/picture/qz95p5k/e945339c246da55537b0bb0dd1f6728f2c21a559.jpg
Cric hydraulic electric,Neuf,Plateau,Dakar,1,https://i.roamcdn.net/hz/ed/listing-thumb-224w/c473994213b122e7b62db1f5804b6dae/-/horizon-files-prod/ed/picture/q0m9qg8/9b9ca0344448abf4df8910e143a411e87fc875e6.jpg
Bache voiture,Neuf,Grand-Dakar,Dakar,19000,https://i.roamcdn.net/hz/ed/listing-thumb-224w/c6f8f86c6edbe5b3118f402561c09bd8/-/horizon-files-prod/ed/picture/q0re5dz/d8a8d6cac354a6faf63254a480dec7173890711e.png
Bache auto berline,Neuf,Liberte 6,Dakar,19000,https://i.roamcdn.net/hz/ed/listing-thumb-224w/df38c330f9d323af1efafdf57fcbe926/-/horizon-files-prod/ed/picture/q2p85wd/127158192ae65e3e900719765612b4175686781b.jpg
Bache auto 4√ó4 pvc doubl√© en coton,Neuf,Liberte 6,Dakar,25000,https://i.roamcdn.net/hz/ed/listing-thumb-224w/20127d21a83403ba3ad7b4bb0d151650/-/horizon-files-prod/ed/picture/qwqnjkm/ff82b022eb31bc0790462487e6319e30126549b6.jpg
Pare-brise Auto,Neuf,Plateau,Dakar,50000,https://i.roamcdn.net/hz/ed/listing-thumb-224w/dd8c84ba6ed7656ab0e6571ef889f5f0/-/horizon-files-prod/ed/picture/qnmemvr/9b3e4735775ea9fe456f617987a5ff65d95e646e.jpg
Lecteur mp3 t10 voiture,Neuf,Liberte 6,Dakar,10000,https://i.roamcdn.net/hz/ed/listing-thumb-224w/b9cf2859d037e63ae9eaae2d9b6323e8/-/horizon-files-prod/ed/picture/q945mr8/8a99a0160f35a40fde5adeecdb5463dba8e04060.jpg
Mini Compresseur d'air portable(gonfleur),Neuf,Liberte 6,Dakar,15000,https://i.roamcdn.net/hz/ed/listing-thumb-224w/d4b8aabf6c817cd7f65387f459c177a6/-/horizon-files-prod/ed/picture/qjvr5r5/0b64ecb4e4633f085994dd7d4924e2d55bac6989.jpg
Pieces Ford Focus,D'occasion,Sacr√©-c≈ìur,Dakar,100000,https://i.roamcdn.net/hz/ed/listing-thumb-224w/0dfb10a1fcad80f6c60dd87fa5df6ba7/-/horizon-files-prod/ed/picture/qje7qdz/f57f9c6fea4e349026349028aa61a9e2d9bf8775.jpg
B√¢ches auto,Neuf,Liberte 6,Dakar,25000,https://i.roamcdn.net/hz/ed/listing-thumb-224w/682d6570c0a64dbf0289f004aee17f0f/-/horizon-files-prod/ed/picture/qwd7rxd/d72667e5b40b5a28b2bc552701d3536d92b83f9c.jpg
BOITE MERCEDES,D'occasion,Colobane,Dakar,200000,https://i.roamcdn.net/hz/ed/listing-thumb-224w/ad597a30e779df4d18511dfbd5c4b3e8/-/horizon-files-prod/ed/picture/qe6w8w2/185cb2ea0c86cff246595ec1ac975d1370211f8b.jpg
Antivol pour moto et autres avec alarme,Neuf,Plateau,Dakar,10000,https://i.roamcdn.net/hz/ed/listing-thumb-224w/5ce65c6ec63302e4e32c918b5b5b3665/-/horizon-files-prod/ed/picture/q6e8wev/97efe7773c077258061bf8765f077da2cb471f58.png
Batterie de voiture 77ah neuve,Neuf,Hlm,Dakar,38500,https://i.roamcdn.net/hz/ed/listing-thumb-224w/d8e7dd10a4b54885f0b2d0a31954872b/-/horizon-files-prod/ed/picture/qqe54d6/b0662111e9ae304e4220e8009d06c5c68aa44181.jpg
Extracteurs et compresseurs amortisseurs,Neuf,Mbour,Thi√®s,75000,https://i.roamcdn.net/hz/ed/listing-thumb-224w/959a66e7b7df9956ca125cb1ff45787a/-/horizon-files-prod/ed/picture/qm2qgm2/dc267e2ccbe5306df5ab9d4383c1bf7f38366208.jpg
Antivol bloque volant pour voiture,Neuf,Mbour,Thi√®s,50000,https://i.roamcdn.net/hz/ed/listing-thumb-224w/6e3443ea6171811ddbddee3e127b6422/-/horizon-files-prod/ed/picture/qjeen2d/d1273936ff1bed5033b61d9e9fd4f32384e1b6d8.jpg
D√©marreurs,Neuf,Mbour,Thi√®s,190000,https://i.roamcdn.net/hz/ed/listing-thumb-224w/3aba46b147f21816077a2ae400cba8d6/-/horizon-files-prod/ed/picture/qv65r4v/69783d9aeabd72c8e32cc31f94ce94fecf604f4e.jpg
Kit de freins tambours Bosch,Neuf,Mbour,Thi√®s,75000,https://i.roamcdn.net/hz/ed/listing-thumb-224w/9f02835f8be087b06befc0de6ca5c205/-/horizon-files-prod/ed/picture/q69mgvv/5852d7a3e6f726329f6fda573ca02181be1909c2.jpg
Outil d'activation du capteur de pneus TPMS,Neuf,Mbour,Thi√®s,25000,https://i.roamcdn.net/hz/ed/listing-thumb-224w/e6efba70c8d8da01813e3ec2b1d30aa1/-/horizon-files-prod/ed/picture/qmevgrd/cf904c9031350fcc033831250e884ff5075ff5e7.jpg
Convertisseur Allume Cigare 12V vers prise secteur 220V,Neuf,Hann Bel-Air,Dakar,15000,https://i.roamcdn.net/hz/ed/listing-thumb-224w/686786e2f8170e0f6438169f57507206/-/horizon-files-prod/ed/picture/qdpdekw/17c249ca8bcc07ce724a19d5b8293ecccf348187.jpg
Antivol pour moto et autres,Neuf,Plateau,Dakar,15000,https://i.roamcdn.net/hz/ed/listing-thumb-224w/2996735b6fb12b8fcdcfb2d15d5337ee/-/horizon-files-prod/ed/picture/qj0kv96/e31d0c4e07de2708869dfa025738a3a699d0d46c.png
"ECRAN DELL 19""TOUT NEUF",Neuf,Colobane,Dakar,75000,https://i.roamcdn.net/hz/ed/listing-thumb-224w/a343c6610238e2861a898b4eaa6be416/-/horizon-files-prod/ed/picture/q2vg20g/6bbc5076a6e8b144167376bc6682196301cdec00.jpg
Matelas auto de voyage,Neuf,Plateau,Dakar,35000,https://i.roamcdn.net/hz/ed/listing-thumb-224w/f8cf3a04bf6a49b7983e9011ce29a952/-/horizon-files-prod/ed/picture/qkkxwvv/67f4646ddb5a973c3c0619d035a46ea661bcacf3.jpg
Aspirateur Multifonction 4 en 1 Pour Voiture,Neuf,Hann Bel-Air,Dakar,45000,https://i.roamcdn.net/hz/ed/listing-thumb-224w/2b7a0866a9239ca6720ac918a30e56f7/-/horizon-files-prod/ed/picture/q496j9e/76139ac1f898f1e00a5baf4a21fd10e52514d04d.jpg
Gonfleur de pneu 12 V pour voiture,Neuf,Mbour,Thi√®s,23000,https://i.roamcdn.net/hz/ed/listing-thumb-224w/89363de413832d962afb82d5b9410e23/-/horizon-files-prod/ed/picture/q49r97z/00975708eef85db499038be351f7eb350dc31d49.jpg
Tapis de voiture,Neuf,Ouest foire,Dakar,50000,https://i.roamcdn.net/hz/ed/listing-thumb-224w/ce39ab29bf4cc5ee31afe9ba7fedd23d/-/horizon-files-prod/ed/picture/qgr5jxk/f5ba51648b312de7c5a5426800c238f4f913c66f.jpg
Aspirateur Multifonction 4 en 1,Neuf,Hann Bel-Air,Dakar,35000,https://i.roamcdn.net/hz/ed/listing-thumb-224w/f6fe55b258f9856d3b4bd7000a55480f/-/horizon-files-prod/ed/picture/q68jrdj/46ffe3ae2324a86033bac598addd3c9398af2502.jpg
Aspirateur Multifonction 4 en 1 Pour Voiture,Neuf,Hann Bel-Air,Dakar,45000,https://i.roamcdn.net/hz/ed/listing-thumb-224w/79a4a85facbd295ceab12604e04fcd44/-/horizon-files-prod/ed/picture/qezkpvz/afdd4e60772471e3ccf59eca9825fd7ba9663aa8.jpg
Chargeur de batterie pour voiture 12V/24V,Neuf,Mbour,Thi√®s,45000,https://i.roamcdn.net/hz/ed/listing-thumb-224w/712ab2b9451be8d9f6d59e813e786ae5/-/horizon-files-prod/ed/picture/qqx2mpv/6a3463f4505165e6cdaa2792b3f929a4a4505a6b.jpg
Aspirateur Multifonction 4 en 1,Neuf,Hann Bel-Air,Dakar,35000,https://i.roamcdn.net/hz/ed/listing-thumb-224w/0a85b3186dbe03ffdb1e87de39c65d7d/-/horizon-files-prod/ed/picture/qjdw60z/739668f445626a23ae17c52e04b5f0d252280a20.jpg
Aspirateur Multifonction 4 en 1,Neuf,Hann Bel-Air,Dakar,35000,https://i.roamcdn.net/hz/ed/listing-thumb-224w/112c41e78972761989a072876c27d763/-/horizon-files-prod/ed/picture/qv09zej/35763ff8a4989a38535cf12315a733a95e38b9cd.jpg
Aspirateur Voiture plus Gonfleur de Pneu 4 en 1,Neuf,Hann Bel-Air,Dakar,45000,https://i.roamcdn.net/hz/ed/listing-thumb-224w/cf1ba7b5100def361991e6f5a86b9056/-/horizon-files-prod/ed/picture/qv5k0qm/a44e531f3073d1a83b8b780aa210980e450e3b3d.jpg
Aikezi Aspirateur gonfleur multifonctions 4 en 1,Neuf,Hann Bel-Air,Dakar,35000,https://i.roamcdn.net/hz/ed/listing-thumb-224w/bd0747748f3bc6bae71770e0c0108473/-/horizon-files-prod/ed/picture/q7r0dmm/b8a5c48f1f236b6dd013d1e6d9b4e1663118f3c2.jpg
Gyrophare led bulb,Neuf,Plateau,Dakar,17000,https://i.roamcdn.net/hz/ed/listing-thumb-224w/e62bfd2d2b06d72bb6406bbc9a5beddc/-/horizon-files-prod/ed/picture/q9dvvw0/f2c55cadbe28493485daff36c6037e9ae7856ad9.png
JEEP PATRIOT 2016,Venant,Guediawaye,Dakar,6100000,https://i.roamcdn.net/hz/ed/listing-thumb-224w/56de0eb310bd6f8a30b9fee5e4d7184e/-/horizon-files-prod/ed/picture/qgq9pndn/567174b51151d9f5ba902fd92166c597ecda68dc.jpg
Nissan altima,Venant,Guediawaye,Dakar,4800000,https://i.roamcdn.net/hz/ed/listing-thumb-224w/00f31656f1c30ae03a1f4f4e66c0f2e5/-/horizon-files-prod/ed/picture/qxj2ge7w/0cb80af0fe466a8a3c11df631afe062f62be182f.jpg
Mazda CX5 2016,Venant,VDN,Dakar,10700000,https://i.roamcdn.net/hz/ed/listing-thumb-224w/b4fc525dc69d6a009636bb7d2124ba07/-/horizon-files-prod/ed/picture/qngxn79x/18b7a03b361629d4918153092be63ea166ad178f.jpg
Jeep CHEROKEE latitude version 4/4,D'occasion,Parcelles Assainies,Dakar,8300000,https://i.roamcdn.net/hz/ed/listing-thumb-224w/735558fc7c87ad3dc4b18aafb42aacc5/-/horizon-files-prod/ed/picture/qdekj0kg/63ba184db0bbf213d38e3e962fafb8077b5d0882.jpg
Mitsubishi outlander hybrid ann√©e 2019,D'occasion,Cit√© Damel,Dakar,13500000,https://i.roamcdn.net/hz/ed/listing-thumb-224w/44a342af976b1b56b20a032ddc08ff6f/-/horizon-files-prod/ed/picture/qxj2xm28/6e0a14acd307e1ee1d42b5cc2e7813f9e278b92b.jpg
Kia Sporteg Anne 2015,D'occasion,Fen√™tre mermoz,Dakar,7700000,https://i.roamcdn.net/hz/ed/listing-thumb-224w/f26e09c2c28655672b7dc19b8106a33e/-/horizon-files-prod/ed/picture/qxj2egjq/6c752882684fe3e4c566f6e9c2c4e9b555e6e187.jpg
Mazda CX-5 Vennat 2015,Venant,Fen√™tre mermoz,Dakar,8900000,https://i.roamcdn.net/hz/ed/listing-thumb-224w/5bcc35b51df60f60d347b74c39d85d5c/-/horizon-files-prod/ed/picture/qwe2jxrm/5b43a0e5c8c341e025f1b7f135c6bf23a2a92680.jpg
Mitsubishi pajero,Neuf,Liberte 6,Dakar,9500000,https://i.roamcdn.net/hz/ed/listing-thumb-224w/e227bd6261c478175bca3a9877da9bac/-/horizon-files-prod/ed/picture/qrzv4rp9/f4329e0c2267958a7965625d71178a2780da6372.jpg
Bmw x5,Venant,Almadies,Dakar,17000000,https://i.roamcdn.net/hz/ed/listing-thumb-224w/cb42e8ea73def2c160f47f6a8241dd96/-/horizon-files-prod/ed/picture/qngx9pg0/3aabf59bcba07bbdaf146d6024a2f2fc6ce8804d.jpg
Mazda cx5,Venant,Rufisque,Dakar,8500000,https://i.roamcdn.net/hz/ed/listing-thumb-224w/6d9529bbb2dbf878c948d09f915d6ce8/-/horizon-files-prod/ed/picture/qkrgvpgv/ba66ac9f7d6a74f7521197cc3ca3472574604556.jpg
Auto b√©tonni√®re,Venant,Almadies,Dakar,15000000,https://i.roamcdn.net/hz/ed/listing-thumb-224w/6c5b4b7f499ac9bbc356cb405372a648/-/horizon-files-prod/ed/picture/qj4rz5p5/6ede31a05b5829a756cf3c6153cb45ebb3bcb457.jpg
